wavfilename,PC1101,PC1102,PC1103,PC1104,PC1105,PC1106,PC1107,PC1108,PC1109,PC1110,PC1111,PC1112,PC1113
linhart2015marnosong_day2_PC1101_0000.wav,1,,,,,,,,,,,,
linhart2015marnosong_day2_PC1101_0001.wav,1,,,,,,,,,,,,
linhart2015marnosong_day2_PC1101_0002.wav,1,,,,,,,,,,,,
linhart2015marnosong_day2_PC1101_0003.wav,1,,,,,,,,,,,,
linhart2015marnosong_day2_PC1101_0004.wav,1,,,,,,,,,,,,
linhart2015marnosong_day2_PC1101_0005.wav,1,,,,,,,,,,,,
linhart2015marnosong_day2_PC1101_0006.wav,1,,,,,,,,,,,,
linhart2015marnosong_day2_PC1101_0007.wav,1,,,,,,,,,,,,
linhart2015marnosong_day2_PC1101_0008.wav,1,,,,,,,,,,,,
linhart2015marnosong_day2_PC1101_0009.wav,1,,,,,,,,,,,,
linhart2015marnosong_day2_PC1101_0010.wav,1,,,,,,,,,,,,
linhart2015marnosong_day2_PC1101_0011.wav,1,,,,,,,,,,,,
linhart2015marnosong_day2_PC1101_0012.wav,1,,,,,,,,,,,,
linhart2015marnosong_day2_PC1101_0013.wav,1,,,,,,,,,,,,
linhart2015marnosong_day2_PC1101_0014.wav,1,,,,,,,,,,,,
linhart2015marnosong_day2_PC1101_0015.wav,1,,,,,,,,,,,,
linhart2015marnosong_day2_PC1101_0016.wav,1,,,,,,,,,,,,
linhart2015marnosong_day2_PC1101_0017.wav,1,,,,,,,,,,,,
linhart2015marnosong_day2_PC1101_0018.wav,1,,,,,,,,,,,,
linhart2015marnosong_day2_PC1101_0019.wav,1,,,,,,,,,,,,
linhart2015marnosong_day2_PC1101_0020.wav,1,,,,,,,,,,,,
linhart2015marnosong_day2_PC1101_0021.wav,1,,,,,,,,,,,,
linhart2015marnosong_day2_PC1101_0022.wav,1,,,,,,,,,,,,
linhart2015marnosong_day2_PC1101_0023.wav,1,,,,,,,,,,,,
linhart2015marnosong_day2_PC1101_0024.wav,1,,,,,,,,,,,,
linhart2015marnosong_day2_PC1101_0025.wav,1,,,,,,,,,,,,
linhart2015marnosong_day2_PC1101_0026.wav,1,,,,,,,,,,,,
linhart2015marnosong_day2_PC1101_0027.wav,1,,,,,,,,,,,,
linhart2015marnosong_day2_PC1101_0028.wav,1,,,,,,,,,,,,
linhart2015marnosong_day2_PC1101_0029.wav,1,,,,,,,,,,,,
linhart2015marnosong_day2_PC1101_0030.wav,1,,,,,,,,,,,,
linhart2015marnosong_day2_PC1101_0031.wav,1,,,,,,,,,,,,
linhart2015marnosong_day2_PC1101_0032.wav,1,,,,,,,,,,,,
linhart2015marnosong_day2_PC1101_0033.wav,1,,,,,,,,,,,,
linhart2015marnosong_day2_PC1101_0034.wav,1,,,,,,,,,,,,
linhart2015marnosong_day2_PC1101_0035.wav,1,,,,,,,,,,,,
linhart2015marnosong_day2_PC1101_0036.wav,1,,,,,,,,,,,,
linhart2015marnosong_day2_PC1101_0037.wav,1,,,,,,,,,,,,
linhart2015marnosong_day2_PC1101_0038.wav,1,,,,,,,,,,,,
linhart2015marnosong_day2_PC1101_0039.wav,1,,,,,,,,,,,,
linhart2015marnosong_day2_PC1101_0040.wav,1,,,,,,,,,,,,
linhart2015marnosong_day2_PC1101_0041.wav,1,,,,,,,,,,,,
linhart2015marnosong_day2_PC1101_0042.wav,1,,,,,,,,,,,,
linhart2015marnosong_day2_PC1101_0043.wav,1,,,,,,,,,,,,
linhart2015marnosong_day2_PC1101_0044.wav,1,,,,,,,,,,,,
linhart2015marnosong_day2_PC1101_0045.wav,1,,,,,,,,,,,,
linhart2015marnosong_day2_PC1102_0000.wav,,1,,,,,,,,,,,
linhart2015marnosong_day2_PC1102_0001.wav,,1,,,,,,,,,,,
linhart2015marnosong_day2_PC1102_0002.wav,,1,,,,,,,,,,,
linhart2015marnosong_day2_PC1102_0003.wav,,1,,,,,,,,,,,
linhart2015marnosong_day2_PC1102_0004.wav,,1,,,,,,,,,,,
linhart2015marnosong_day2_PC1102_0005.wav,,1,,,,,,,,,,,
linhart2015marnosong_day2_PC1102_0006.wav,,1,,,,,,,,,,,
linhart2015marnosong_day2_PC1102_0007.wav,,1,,,,,,,,,,,
linhart2015marnosong_day2_PC1102_0008.wav,,1,,,,,,,,,,,
linhart2015marnosong_day2_PC1102_0009.wav,,1,,,,,,,,,,,
linhart2015marnosong_day2_PC1102_0010.wav,,1,,,,,,,,,,,
linhart2015marnosong_day2_PC1102_0011.wav,,1,,,,,,,,,,,
linhart2015marnosong_day2_PC1102_0012.wav,,1,,,,,,,,,,,
linhart2015marnosong_day2_PC1102_0013.wav,,1,,,,,,,,,,,
linhart2015marnosong_day2_PC1102_0014.wav,,1,,,,,,,,,,,
linhart2015marnosong_day2_PC1102_0015.wav,,1,,,,,,,,,,,
linhart2015marnosong_day2_PC1102_0016.wav,,1,,,,,,,,,,,
linhart2015marnosong_day2_PC1102_0017.wav,,1,,,,,,,,,,,
linhart2015marnosong_day2_PC1102_0018.wav,,1,,,,,,,,,,,
linhart2015marnosong_day2_PC1102_0019.wav,,1,,,,,,,,,,,
linhart2015marnosong_day2_PC1102_0020.wav,,1,,,,,,,,,,,
linhart2015marnosong_day2_PC1102_0021.wav,,1,,,,,,,,,,,
linhart2015marnosong_day2_PC1102_0022.wav,,1,,,,,,,,,,,
linhart2015marnosong_day2_PC1102_0023.wav,,1,,,,,,,,,,,
linhart2015marnosong_day2_PC1102_0024.wav,,1,,,,,,,,,,,
linhart2015marnosong_day2_PC1102_0025.wav,,1,,,,,,,,,,,
linhart2015marnosong_day2_PC1102_0026.wav,,1,,,,,,,,,,,
linhart2015marnosong_day2_PC1102_0027.wav,,1,,,,,,,,,,,
linhart2015marnosong_day2_PC1102_0028.wav,,1,,,,,,,,,,,
linhart2015marnosong_day2_PC1102_0029.wav,,1,,,,,,,,,,,
linhart2015marnosong_day2_PC1102_0030.wav,,1,,,,,,,,,,,
linhart2015marnosong_day2_PC1102_0031.wav,,1,,,,,,,,,,,
linhart2015marnosong_day2_PC1102_0032.wav,,1,,,,,,,,,,,
linhart2015marnosong_day2_PC1102_0033.wav,,1,,,,,,,,,,,
linhart2015marnosong_day2_PC1102_0034.wav,,1,,,,,,,,,,,
linhart2015marnosong_day2_PC1102_0035.wav,,1,,,,,,,,,,,
linhart2015marnosong_day2_PC1102_0036.wav,,1,,,,,,,,,,,
linhart2015marnosong_day2_PC1102_0037.wav,,1,,,,,,,,,,,
linhart2015marnosong_day2_PC1102_0038.wav,,1,,,,,,,,,,,
linhart2015marnosong_day2_PC1102_0039.wav,,1,,,,,,,,,,,
linhart2015marnosong_day2_PC1102_0040.wav,,1,,,,,,,,,,,
linhart2015marnosong_day2_PC1102_0041.wav,,1,,,,,,,,,,,
linhart2015marnosong_day2_PC1102_0042.wav,,1,,,,,,,,,,,
linhart2015marnosong_day2_PC1102_0043.wav,,1,,,,,,,,,,,
linhart2015marnosong_day2_PC1102_0044.wav,,1,,,,,,,,,,,
linhart2015marnosong_day2_PC1103_0000.wav,,,1,,,,,,,,,,
linhart2015marnosong_day2_PC1103_0001.wav,,,1,,,,,,,,,,
linhart2015marnosong_day2_PC1103_0002.wav,,,1,,,,,,,,,,
linhart2015marnosong_day2_PC1103_0003.wav,,,1,,,,,,,,,,
linhart2015marnosong_day2_PC1103_0004.wav,,,1,,,,,,,,,,
linhart2015marnosong_day2_PC1103_0005.wav,,,1,,,,,,,,,,
linhart2015marnosong_day2_PC1103_0006.wav,,,1,,,,,,,,,,
linhart2015marnosong_day2_PC1103_0007.wav,,,1,,,,,,,,,,
linhart2015marnosong_day2_PC1103_0008.wav,,,1,,,,,,,,,,
linhart2015marnosong_day2_PC1103_0009.wav,,,1,,,,,,,,,,
linhart2015marnosong_day2_PC1103_0010.wav,,,1,,,,,,,,,,
linhart2015marnosong_day2_PC1103_0011.wav,,,1,,,,,,,,,,
linhart2015marnosong_day2_PC1103_0012.wav,,,1,,,,,,,,,,
linhart2015marnosong_day2_PC1103_0013.wav,,,1,,,,,,,,,,
linhart2015marnosong_day2_PC1103_0014.wav,,,1,,,,,,,,,,
linhart2015marnosong_day2_PC1103_0015.wav,,,1,,,,,,,,,,
linhart2015marnosong_day2_PC1103_0016.wav,,,1,,,,,,,,,,
linhart2015marnosong_day2_PC1103_0017.wav,,,1,,,,,,,,,,
linhart2015marnosong_day2_PC1103_0018.wav,,,1,,,,,,,,,,
linhart2015marnosong_day2_PC1103_0019.wav,,,1,,,,,,,,,,
linhart2015marnosong_day2_PC1103_0020.wav,,,1,,,,,,,,,,
linhart2015marnosong_day2_PC1103_0021.wav,,,1,,,,,,,,,,
linhart2015marnosong_day2_PC1103_0022.wav,,,1,,,,,,,,,,
linhart2015marnosong_day2_PC1103_0023.wav,,,1,,,,,,,,,,
linhart2015marnosong_day2_PC1103_0024.wav,,,1,,,,,,,,,,
linhart2015marnosong_day2_PC1103_0025.wav,,,1,,,,,,,,,,
linhart2015marnosong_day2_PC1103_0026.wav,,,1,,,,,,,,,,
linhart2015marnosong_day2_PC1103_0027.wav,,,1,,,,,,,,,,
linhart2015marnosong_day2_PC1103_0028.wav,,,1,,,,,,,,,,
linhart2015marnosong_day2_PC1103_0029.wav,,,1,,,,,,,,,,
linhart2015marnosong_day2_PC1103_0030.wav,,,1,,,,,,,,,,
linhart2015marnosong_day2_PC1103_0031.wav,,,1,,,,,,,,,,
linhart2015marnosong_day2_PC1103_0032.wav,,,1,,,,,,,,,,
linhart2015marnosong_day2_PC1103_0033.wav,,,1,,,,,,,,,,
linhart2015marnosong_day2_PC1103_0034.wav,,,1,,,,,,,,,,
linhart2015marnosong_day2_PC1103_0035.wav,,,1,,,,,,,,,,
linhart2015marnosong_day2_PC1103_0036.wav,,,1,,,,,,,,,,
linhart2015marnosong_day2_PC1103_0037.wav,,,1,,,,,,,,,,
linhart2015marnosong_day2_PC1103_0038.wav,,,1,,,,,,,,,,
linhart2015marnosong_day2_PC1103_0039.wav,,,1,,,,,,,,,,
linhart2015marnosong_day2_PC1103_0040.wav,,,1,,,,,,,,,,
linhart2015marnosong_day2_PC1103_0041.wav,,,1,,,,,,,,,,
linhart2015marnosong_day2_PC1103_0042.wav,,,1,,,,,,,,,,
linhart2015marnosong_day2_PC1103_0043.wav,,,1,,,,,,,,,,
linhart2015marnosong_day2_PC1103_0044.wav,,,1,,,,,,,,,,
linhart2015marnosong_day2_PC1103_0045.wav,,,1,,,,,,,,,,
linhart2015marnosong_day2_PC1103_0046.wav,,,1,,,,,,,,,,
linhart2015marnosong_day2_PC1103_0047.wav,,,1,,,,,,,,,,
linhart2015marnosong_day2_PC1103_0048.wav,,,1,,,,,,,,,,
linhart2015marnosong_day2_PC1103_0049.wav,,,1,,,,,,,,,,
linhart2015marnosong_day2_PC1103_0050.wav,,,1,,,,,,,,,,
linhart2015marnosong_day2_PC1103_0051.wav,,,1,,,,,,,,,,
linhart2015marnosong_day2_PC1103_0052.wav,,,1,,,,,,,,,,
linhart2015marnosong_day2_PC1103_0053.wav,,,1,,,,,,,,,,
linhart2015marnosong_day2_PC1103_0054.wav,,,1,,,,,,,,,,
linhart2015marnosong_day2_PC1103_0055.wav,,,1,,,,,,,,,,
linhart2015marnosong_day2_PC1103_0056.wav,,,1,,,,,,,,,,
linhart2015marnosong_day2_PC1103_0057.wav,,,1,,,,,,,,,,
linhart2015marnosong_day2_PC1103_0058.wav,,,1,,,,,,,,,,
linhart2015marnosong_day2_PC1103_0059.wav,,,1,,,,,,,,,,
linhart2015marnosong_day2_PC1103_0060.wav,,,1,,,,,,,,,,
linhart2015marnosong_day2_PC1103_0061.wav,,,1,,,,,,,,,,
linhart2015marnosong_day2_PC1103_0062.wav,,,1,,,,,,,,,,
linhart2015marnosong_day2_PC1103_0063.wav,,,1,,,,,,,,,,
linhart2015marnosong_day2_PC1103_0064.wav,,,1,,,,,,,,,,
linhart2015marnosong_day2_PC1103_0065.wav,,,1,,,,,,,,,,
linhart2015marnosong_day2_PC1103_0066.wav,,,1,,,,,,,,,,
linhart2015marnosong_day2_PC1103_0067.wav,,,1,,,,,,,,,,
linhart2015marnosong_day2_PC1103_0068.wav,,,1,,,,,,,,,,
linhart2015marnosong_day2_PC1103_0069.wav,,,1,,,,,,,,,,
linhart2015marnosong_day2_PC1103_0070.wav,,,1,,,,,,,,,,
linhart2015marnosong_day2_PC1103_0071.wav,,,1,,,,,,,,,,
linhart2015marnosong_day2_PC1103_0072.wav,,,1,,,,,,,,,,
linhart2015marnosong_day2_PC1103_0073.wav,,,1,,,,,,,,,,
linhart2015marnosong_day2_PC1103_0074.wav,,,1,,,,,,,,,,
linhart2015marnosong_day2_PC1103_0075.wav,,,1,,,,,,,,,,
linhart2015marnosong_day2_PC1103_0076.wav,,,1,,,,,,,,,,
linhart2015marnosong_day2_PC1103_0077.wav,,,1,,,,,,,,,,
linhart2015marnosong_day2_PC1103_0078.wav,,,1,,,,,,,,,,
linhart2015marnosong_day2_PC1103_0079.wav,,,1,,,,,,,,,,
linhart2015marnosong_day2_PC1104_0000.wav,,,,1,,,,,,,,,
linhart2015marnosong_day2_PC1104_0001.wav,,,,1,,,,,,,,,
linhart2015marnosong_day2_PC1104_0002.wav,,,,1,,,,,,,,,
linhart2015marnosong_day2_PC1104_0003.wav,,,,1,,,,,,,,,
linhart2015marnosong_day2_PC1104_0004.wav,,,,1,,,,,,,,,
linhart2015marnosong_day2_PC1104_0005.wav,,,,1,,,,,,,,,
linhart2015marnosong_day2_PC1104_0006.wav,,,,1,,,,,,,,,
linhart2015marnosong_day2_PC1104_0007.wav,,,,1,,,,,,,,,
linhart2015marnosong_day2_PC1104_0008.wav,,,,1,,,,,,,,,
linhart2015marnosong_day2_PC1104_0009.wav,,,,1,,,,,,,,,
linhart2015marnosong_day2_PC1104_0010.wav,,,,1,,,,,,,,,
linhart2015marnosong_day2_PC1104_0011.wav,,,,1,,,,,,,,,
linhart2015marnosong_day2_PC1104_0012.wav,,,,1,,,,,,,,,
linhart2015marnosong_day2_PC1104_0013.wav,,,,1,,,,,,,,,
linhart2015marnosong_day2_PC1104_0014.wav,,,,1,,,,,,,,,
linhart2015marnosong_day2_PC1104_0015.wav,,,,1,,,,,,,,,
linhart2015marnosong_day2_PC1104_0016.wav,,,,1,,,,,,,,,
linhart2015marnosong_day2_PC1104_0017.wav,,,,1,,,,,,,,,
linhart2015marnosong_day2_PC1104_0018.wav,,,,1,,,,,,,,,
linhart2015marnosong_day2_PC1104_0019.wav,,,,1,,,,,,,,,
linhart2015marnosong_day2_PC1104_0020.wav,,,,1,,,,,,,,,
linhart2015marnosong_day2_PC1104_0021.wav,,,,1,,,,,,,,,
linhart2015marnosong_day2_PC1104_0022.wav,,,,1,,,,,,,,,
linhart2015marnosong_day2_PC1104_0023.wav,,,,1,,,,,,,,,
linhart2015marnosong_day2_PC1104_0024.wav,,,,1,,,,,,,,,
linhart2015marnosong_day2_PC1104_0025.wav,,,,1,,,,,,,,,
linhart2015marnosong_day2_PC1104_0026.wav,,,,1,,,,,,,,,
linhart2015marnosong_day2_PC1105_0000.wav,,,,,1,,,,,,,,
linhart2015marnosong_day2_PC1105_0001.wav,,,,,1,,,,,,,,
linhart2015marnosong_day2_PC1105_0002.wav,,,,,1,,,,,,,,
linhart2015marnosong_day2_PC1105_0003.wav,,,,,1,,,,,,,,
linhart2015marnosong_day2_PC1105_0004.wav,,,,,1,,,,,,,,
linhart2015marnosong_day2_PC1105_0005.wav,,,,,1,,,,,,,,
linhart2015marnosong_day2_PC1105_0006.wav,,,,,1,,,,,,,,
linhart2015marnosong_day2_PC1105_0007.wav,,,,,1,,,,,,,,
linhart2015marnosong_day2_PC1105_0008.wav,,,,,1,,,,,,,,
linhart2015marnosong_day2_PC1105_0009.wav,,,,,1,,,,,,,,
linhart2015marnosong_day2_PC1105_0010.wav,,,,,1,,,,,,,,
linhart2015marnosong_day2_PC1105_0011.wav,,,,,1,,,,,,,,
linhart2015marnosong_day2_PC1105_0012.wav,,,,,1,,,,,,,,
linhart2015marnosong_day2_PC1105_0013.wav,,,,,1,,,,,,,,
linhart2015marnosong_day2_PC1105_0014.wav,,,,,1,,,,,,,,
linhart2015marnosong_day2_PC1105_0015.wav,,,,,1,,,,,,,,
linhart2015marnosong_day2_PC1105_0016.wav,,,,,1,,,,,,,,
linhart2015marnosong_day2_PC1105_0017.wav,,,,,1,,,,,,,,
linhart2015marnosong_day2_PC1105_0018.wav,,,,,1,,,,,,,,
linhart2015marnosong_day2_PC1105_0019.wav,,,,,1,,,,,,,,
linhart2015marnosong_day2_PC1105_0020.wav,,,,,1,,,,,,,,
linhart2015marnosong_day2_PC1105_0021.wav,,,,,1,,,,,,,,
linhart2015marnosong_day2_PC1105_0022.wav,,,,,1,,,,,,,,
linhart2015marnosong_day2_PC1105_0023.wav,,,,,1,,,,,,,,
linhart2015marnosong_day2_PC1105_0024.wav,,,,,1,,,,,,,,
linhart2015marnosong_day2_PC1105_0025.wav,,,,,1,,,,,,,,
linhart2015marnosong_day2_PC1105_0026.wav,,,,,1,,,,,,,,
linhart2015marnosong_day2_PC1105_0027.wav,,,,,1,,,,,,,,
linhart2015marnosong_day2_PC1105_0028.wav,,,,,1,,,,,,,,
linhart2015marnosong_day2_PC1105_0029.wav,,,,,1,,,,,,,,
linhart2015marnosong_day2_PC1105_0030.wav,,,,,1,,,,,,,,
linhart2015marnosong_day2_PC1105_0031.wav,,,,,1,,,,,,,,
linhart2015marnosong_day2_PC1105_0032.wav,,,,,1,,,,,,,,
linhart2015marnosong_day2_PC1105_0033.wav,,,,,1,,,,,,,,
linhart2015marnosong_day2_PC1105_0034.wav,,,,,1,,,,,,,,
linhart2015marnosong_day2_PC1105_0035.wav,,,,,1,,,,,,,,
linhart2015marnosong_day2_PC1105_0036.wav,,,,,1,,,,,,,,
linhart2015marnosong_day2_PC1105_0037.wav,,,,,1,,,,,,,,
linhart2015marnosong_day2_PC1105_0038.wav,,,,,1,,,,,,,,
linhart2015marnosong_day2_PC1105_0039.wav,,,,,1,,,,,,,,
linhart2015marnosong_day2_PC1105_0040.wav,,,,,1,,,,,,,,
linhart2015marnosong_day2_PC1105_0041.wav,,,,,1,,,,,,,,
linhart2015marnosong_day2_PC1105_0042.wav,,,,,1,,,,,,,,
linhart2015marnosong_day2_PC1105_0043.wav,,,,,1,,,,,,,,
linhart2015marnosong_day2_PC1105_0044.wav,,,,,1,,,,,,,,
linhart2015marnosong_day2_PC1105_0045.wav,,,,,1,,,,,,,,
linhart2015marnosong_day2_PC1105_0046.wav,,,,,1,,,,,,,,
linhart2015marnosong_day2_PC1105_0047.wav,,,,,1,,,,,,,,
linhart2015marnosong_day2_PC1105_0048.wav,,,,,1,,,,,,,,
linhart2015marnosong_day2_PC1105_0049.wav,,,,,1,,,,,,,,
linhart2015marnosong_day2_PC1105_0050.wav,,,,,1,,,,,,,,
linhart2015marnosong_day2_PC1105_0051.wav,,,,,1,,,,,,,,
linhart2015marnosong_day2_PC1105_0052.wav,,,,,1,,,,,,,,
linhart2015marnosong_day2_PC1105_0053.wav,,,,,1,,,,,,,,
linhart2015marnosong_day2_PC1105_0054.wav,,,,,1,,,,,,,,
linhart2015marnosong_day2_PC1105_0055.wav,,,,,1,,,,,,,,
linhart2015marnosong_day2_PC1106_0000.wav,,,,,,1,,,,,,,
linhart2015marnosong_day2_PC1106_0001.wav,,,,,,1,,,,,,,
linhart2015marnosong_day2_PC1106_0002.wav,,,,,,1,,,,,,,
linhart2015marnosong_day2_PC1106_0003.wav,,,,,,1,,,,,,,
linhart2015marnosong_day2_PC1106_0004.wav,,,,,,1,,,,,,,
linhart2015marnosong_day2_PC1106_0005.wav,,,,,,1,,,,,,,
linhart2015marnosong_day2_PC1106_0006.wav,,,,,,1,,,,,,,
linhart2015marnosong_day2_PC1106_0007.wav,,,,,,1,,,,,,,
linhart2015marnosong_day2_PC1106_0008.wav,,,,,,1,,,,,,,
linhart2015marnosong_day2_PC1106_0009.wav,,,,,,1,,,,,,,
linhart2015marnosong_day2_PC1106_0010.wav,,,,,,1,,,,,,,
linhart2015marnosong_day2_PC1106_0011.wav,,,,,,1,,,,,,,
linhart2015marnosong_day2_PC1106_0012.wav,,,,,,1,,,,,,,
linhart2015marnosong_day2_PC1106_0013.wav,,,,,,1,,,,,,,
linhart2015marnosong_day2_PC1106_0014.wav,,,,,,1,,,,,,,
linhart2015marnosong_day2_PC1106_0015.wav,,,,,,1,,,,,,,
linhart2015marnosong_day2_PC1106_0016.wav,,,,,,1,,,,,,,
linhart2015marnosong_day2_PC1106_0017.wav,,,,,,1,,,,,,,
linhart2015marnosong_day2_PC1106_0018.wav,,,,,,1,,,,,,,
linhart2015marnosong_day2_PC1106_0019.wav,,,,,,1,,,,,,,
linhart2015marnosong_day2_PC1106_0020.wav,,,,,,1,,,,,,,
linhart2015marnosong_day2_PC1106_0021.wav,,,,,,1,,,,,,,
linhart2015marnosong_day2_PC1106_0022.wav,,,,,,1,,,,,,,
linhart2015marnosong_day2_PC1106_0023.wav,,,,,,1,,,,,,,
linhart2015marnosong_day2_PC1106_0024.wav,,,,,,1,,,,,,,
linhart2015marnosong_day2_PC1106_0025.wav,,,,,,1,,,,,,,
linhart2015marnosong_day2_PC1106_0026.wav,,,,,,1,,,,,,,
linhart2015marnosong_day2_PC1106_0027.wav,,,,,,1,,,,,,,
linhart2015marnosong_day2_PC1106_0028.wav,,,,,,1,,,,,,,
linhart2015marnosong_day2_PC1106_0029.wav,,,,,,1,,,,,,,
linhart2015marnosong_day2_PC1106_0030.wav,,,,,,1,,,,,,,
linhart2015marnosong_day2_PC1106_0031.wav,,,,,,1,,,,,,,
linhart2015marnosong_day2_PC1106_0032.wav,,,,,,1,,,,,,,
linhart2015marnosong_day2_PC1106_0033.wav,,,,,,1,,,,,,,
linhart2015marnosong_day2_PC1106_0034.wav,,,,,,1,,,,,,,
linhart2015marnosong_day2_PC1106_0035.wav,,,,,,1,,,,,,,
linhart2015marnosong_day2_PC1106_0036.wav,,,,,,1,,,,,,,
linhart2015marnosong_day2_PC1106_0037.wav,,,,,,1,,,,,,,
linhart2015marnosong_day2_PC1106_0038.wav,,,,,,1,,,,,,,
linhart2015marnosong_day2_PC1106_0039.wav,,,,,,1,,,,,,,
linhart2015marnosong_day2_PC1106_0040.wav,,,,,,1,,,,,,,
linhart2015marnosong_day2_PC1106_0041.wav,,,,,,1,,,,,,,
linhart2015marnosong_day2_PC1106_0042.wav,,,,,,1,,,,,,,
linhart2015marnosong_day2_PC1106_0043.wav,,,,,,1,,,,,,,
linhart2015marnosong_day2_PC1106_0044.wav,,,,,,1,,,,,,,
linhart2015marnosong_day2_PC1106_0045.wav,,,,,,1,,,,,,,
linhart2015marnosong_day2_PC1106_0046.wav,,,,,,1,,,,,,,
linhart2015marnosong_day2_PC1106_0047.wav,,,,,,1,,,,,,,
linhart2015marnosong_day2_PC1106_0048.wav,,,,,,1,,,,,,,
linhart2015marnosong_day2_PC1106_0049.wav,,,,,,1,,,,,,,
linhart2015marnosong_day2_PC1106_0050.wav,,,,,,1,,,,,,,
linhart2015marnosong_day2_PC1106_0051.wav,,,,,,1,,,,,,,
linhart2015marnosong_day2_PC1106_0052.wav,,,,,,1,,,,,,,
linhart2015marnosong_day2_PC1106_0053.wav,,,,,,1,,,,,,,
linhart2015marnosong_day2_PC1106_0054.wav,,,,,,1,,,,,,,
linhart2015marnosong_day2_PC1106_0055.wav,,,,,,1,,,,,,,
linhart2015marnosong_day2_PC1106_0056.wav,,,,,,1,,,,,,,
linhart2015marnosong_day2_PC1106_0057.wav,,,,,,1,,,,,,,
linhart2015marnosong_day2_PC1106_0058.wav,,,,,,1,,,,,,,
linhart2015marnosong_day2_PC1106_0059.wav,,,,,,1,,,,,,,
linhart2015marnosong_day2_PC1106_0060.wav,,,,,,1,,,,,,,
linhart2015marnosong_day2_PC1106_0061.wav,,,,,,1,,,,,,,
linhart2015marnosong_day2_PC1106_0062.wav,,,,,,1,,,,,,,
linhart2015marnosong_day2_PC1106_0063.wav,,,,,,1,,,,,,,
linhart2015marnosong_day2_PC1106_0064.wav,,,,,,1,,,,,,,
linhart2015marnosong_day2_PC1106_0065.wav,,,,,,1,,,,,,,
linhart2015marnosong_day2_PC1106_0066.wav,,,,,,1,,,,,,,
linhart2015marnosong_day2_PC1106_0067.wav,,,,,,1,,,,,,,
linhart2015marnosong_day2_PC1106_0068.wav,,,,,,1,,,,,,,
linhart2015marnosong_day2_PC1106_0069.wav,,,,,,1,,,,,,,
linhart2015marnosong_day2_PC1106_0070.wav,,,,,,1,,,,,,,
linhart2015marnosong_day2_PC1106_0071.wav,,,,,,1,,,,,,,
linhart2015marnosong_day2_PC1106_0072.wav,,,,,,1,,,,,,,
linhart2015marnosong_day2_PC1106_0073.wav,,,,,,1,,,,,,,
linhart2015marnosong_day2_PC1106_0074.wav,,,,,,1,,,,,,,
linhart2015marnosong_day2_PC1106_0075.wav,,,,,,1,,,,,,,
linhart2015marnosong_day2_PC1106_0076.wav,,,,,,1,,,,,,,
linhart2015marnosong_day2_PC1106_0077.wav,,,,,,1,,,,,,,
linhart2015marnosong_day2_PC1106_0078.wav,,,,,,1,,,,,,,
linhart2015marnosong_day2_PC1106_0079.wav,,,,,,1,,,,,,,
linhart2015marnosong_day2_PC1106_0080.wav,,,,,,1,,,,,,,
linhart2015marnosong_day2_PC1106_0081.wav,,,,,,1,,,,,,,
linhart2015marnosong_day2_PC1106_0082.wav,,,,,,1,,,,,,,
linhart2015marnosong_day2_PC1106_0083.wav,,,,,,1,,,,,,,
linhart2015marnosong_day2_PC1106_0084.wav,,,,,,1,,,,,,,
linhart2015marnosong_day2_PC1106_0085.wav,,,,,,1,,,,,,,
linhart2015marnosong_day2_PC1106_0086.wav,,,,,,1,,,,,,,
linhart2015marnosong_day2_PC1106_0087.wav,,,,,,1,,,,,,,
linhart2015marnosong_day2_PC1106_0088.wav,,,,,,1,,,,,,,
linhart2015marnosong_day2_PC1106_0089.wav,,,,,,1,,,,,,,
linhart2015marnosong_day2_PC1106_0090.wav,,,,,,1,,,,,,,
linhart2015marnosong_day2_PC1106_0091.wav,,,,,,1,,,,,,,
linhart2015marnosong_day2_PC1106_0092.wav,,,,,,1,,,,,,,
linhart2015marnosong_day2_PC1106_0093.wav,,,,,,1,,,,,,,
linhart2015marnosong_day2_PC1106_0094.wav,,,,,,1,,,,,,,
linhart2015marnosong_day2_PC1106_0095.wav,,,,,,1,,,,,,,
linhart2015marnosong_day2_PC1106_0096.wav,,,,,,1,,,,,,,
linhart2015marnosong_day2_PC1106_0097.wav,,,,,,1,,,,,,,
linhart2015marnosong_day2_PC1106_0098.wav,,,,,,1,,,,,,,
linhart2015marnosong_day2_PC1106_0099.wav,,,,,,1,,,,,,,
linhart2015marnosong_day2_PC1106_0100.wav,,,,,,1,,,,,,,
linhart2015marnosong_day2_PC1106_0101.wav,,,,,,1,,,,,,,
linhart2015marnosong_day2_PC1106_0102.wav,,,,,,1,,,,,,,
linhart2015marnosong_day2_PC1106_0103.wav,,,,,,1,,,,,,,
linhart2015marnosong_day2_PC1106_0104.wav,,,,,,1,,,,,,,
linhart2015marnosong_day2_PC1106_0105.wav,,,,,,1,,,,,,,
linhart2015marnosong_day2_PC1106_0106.wav,,,,,,1,,,,,,,
linhart2015marnosong_day2_PC1106_0107.wav,,,,,,1,,,,,,,
linhart2015marnosong_day2_PC1106_0108.wav,,,,,,1,,,,,,,
linhart2015marnosong_day2_PC1106_0109.wav,,,,,,1,,,,,,,
linhart2015marnosong_day2_PC1106_0110.wav,,,,,,1,,,,,,,
linhart2015marnosong_day2_PC1106_0111.wav,,,,,,1,,,,,,,
linhart2015marnosong_day2_PC1106_0112.wav,,,,,,1,,,,,,,
linhart2015marnosong_day2_PC1106_0113.wav,,,,,,1,,,,,,,
linhart2015marnosong_day2_PC1106_0114.wav,,,,,,1,,,,,,,
linhart2015marnosong_day2_PC1106_0115.wav,,,,,,1,,,,,,,
linhart2015marnosong_day2_PC1106_0116.wav,,,,,,1,,,,,,,
linhart2015marnosong_day2_PC1106_0117.wav,,,,,,1,,,,,,,
linhart2015marnosong_day2_PC1106_0118.wav,,,,,,1,,,,,,,
linhart2015marnosong_day2_PC1106_0119.wav,,,,,,1,,,,,,,
linhart2015marnosong_day2_PC1106_0120.wav,,,,,,1,,,,,,,
linhart2015marnosong_day2_PC1106_0121.wav,,,,,,1,,,,,,,
linhart2015marnosong_day2_PC1106_0122.wav,,,,,,1,,,,,,,
linhart2015marnosong_day2_PC1106_0123.wav,,,,,,1,,,,,,,
linhart2015marnosong_day2_PC1106_0124.wav,,,,,,1,,,,,,,
linhart2015marnosong_day2_PC1106_0125.wav,,,,,,1,,,,,,,
linhart2015marnosong_day2_PC1106_0126.wav,,,,,,1,,,,,,,
linhart2015marnosong_day2_PC1106_0127.wav,,,,,,1,,,,,,,
linhart2015marnosong_day2_PC1106_0128.wav,,,,,,1,,,,,,,
linhart2015marnosong_day2_PC1106_0129.wav,,,,,,1,,,,,,,
linhart2015marnosong_day2_PC1106_0130.wav,,,,,,1,,,,,,,
linhart2015marnosong_day2_PC1106_0131.wav,,,,,,1,,,,,,,
linhart2015marnosong_day2_PC1106_0132.wav,,,,,,1,,,,,,,
linhart2015marnosong_day2_PC1106_0133.wav,,,,,,1,,,,,,,
linhart2015marnosong_day2_PC1106_0134.wav,,,,,,1,,,,,,,
linhart2015marnosong_day2_PC1106_0135.wav,,,,,,1,,,,,,,
linhart2015marnosong_day2_PC1106_0136.wav,,,,,,1,,,,,,,
linhart2015marnosong_day2_PC1106_0137.wav,,,,,,1,,,,,,,
linhart2015marnosong_day2_PC1106_0138.wav,,,,,,1,,,,,,,
linhart2015marnosong_day2_PC1106_0139.wav,,,,,,1,,,,,,,
linhart2015marnosong_day2_PC1106_0140.wav,,,,,,1,,,,,,,
linhart2015marnosong_day2_PC1106_0141.wav,,,,,,1,,,,,,,
linhart2015marnosong_day2_PC1106_0142.wav,,,,,,1,,,,,,,
linhart2015marnosong_day2_PC1106_0143.wav,,,,,,1,,,,,,,
linhart2015marnosong_day2_PC1106_0144.wav,,,,,,1,,,,,,,
linhart2015marnosong_day2_PC1106_0145.wav,,,,,,1,,,,,,,
linhart2015marnosong_day2_PC1106_0146.wav,,,,,,1,,,,,,,
linhart2015marnosong_day2_PC1106_0147.wav,,,,,,1,,,,,,,
linhart2015marnosong_day2_PC1106_0148.wav,,,,,,1,,,,,,,
linhart2015marnosong_day2_PC1106_0149.wav,,,,,,1,,,,,,,
linhart2015marnosong_day2_PC1106_0150.wav,,,,,,1,,,,,,,
linhart2015marnosong_day2_PC1106_0151.wav,,,,,,1,,,,,,,
linhart2015marnosong_day2_PC1106_0152.wav,,,,,,1,,,,,,,
linhart2015marnosong_day2_PC1106_0153.wav,,,,,,1,,,,,,,
linhart2015marnosong_day2_PC1106_0154.wav,,,,,,1,,,,,,,
linhart2015marnosong_day2_PC1106_0155.wav,,,,,,1,,,,,,,
linhart2015marnosong_day2_PC1106_0156.wav,,,,,,1,,,,,,,
linhart2015marnosong_day2_PC1106_0157.wav,,,,,,1,,,,,,,
linhart2015marnosong_day2_PC1106_0158.wav,,,,,,1,,,,,,,
linhart2015marnosong_day2_PC1106_0159.wav,,,,,,1,,,,,,,
linhart2015marnosong_day2_PC1106_0160.wav,,,,,,1,,,,,,,
linhart2015marnosong_day2_PC1106_0161.wav,,,,,,1,,,,,,,
linhart2015marnosong_day2_PC1106_0162.wav,,,,,,1,,,,,,,
linhart2015marnosong_day2_PC1106_0163.wav,,,,,,1,,,,,,,
linhart2015marnosong_day2_PC1106_0164.wav,,,,,,1,,,,,,,
linhart2015marnosong_day2_PC1106_0165.wav,,,,,,1,,,,,,,
linhart2015marnosong_day2_PC1106_0166.wav,,,,,,1,,,,,,,
linhart2015marnosong_day2_PC1106_0167.wav,,,,,,1,,,,,,,
linhart2015marnosong_day2_PC1106_0168.wav,,,,,,1,,,,,,,
linhart2015marnosong_day2_PC1106_0169.wav,,,,,,1,,,,,,,
linhart2015marnosong_day2_PC1106_0170.wav,,,,,,1,,,,,,,
linhart2015marnosong_day2_PC1106_0171.wav,,,,,,1,,,,,,,
linhart2015marnosong_day2_PC1106_0172.wav,,,,,,1,,,,,,,
linhart2015marnosong_day2_PC1106_0173.wav,,,,,,1,,,,,,,
linhart2015marnosong_day2_PC1106_0174.wav,,,,,,1,,,,,,,
linhart2015marnosong_day2_PC1106_0175.wav,,,,,,1,,,,,,,
linhart2015marnosong_day2_PC1106_0176.wav,,,,,,1,,,,,,,
linhart2015marnosong_day2_PC1106_0177.wav,,,,,,1,,,,,,,
linhart2015marnosong_day2_PC1106_0178.wav,,,,,,1,,,,,,,
linhart2015marnosong_day2_PC1106_0179.wav,,,,,,1,,,,,,,
linhart2015marnosong_day2_PC1106_0180.wav,,,,,,1,,,,,,,
linhart2015marnosong_day2_PC1106_0181.wav,,,,,,1,,,,,,,
linhart2015marnosong_day2_PC1106_0182.wav,,,,,,1,,,,,,,
linhart2015marnosong_day2_PC1106_0183.wav,,,,,,1,,,,,,,
linhart2015marnosong_day2_PC1106_0184.wav,,,,,,1,,,,,,,
linhart2015marnosong_day2_PC1106_0185.wav,,,,,,1,,,,,,,
linhart2015marnosong_day2_PC1106_0186.wav,,,,,,1,,,,,,,
linhart2015marnosong_day2_PC1106_0187.wav,,,,,,1,,,,,,,
linhart2015marnosong_day2_PC1106_0188.wav,,,,,,1,,,,,,,
linhart2015marnosong_day2_PC1106_0189.wav,,,,,,1,,,,,,,
linhart2015marnosong_day2_PC1106_0190.wav,,,,,,1,,,,,,,
linhart2015marnosong_day2_PC1106_0191.wav,,,,,,1,,,,,,,
linhart2015marnosong_day2_PC1106_0192.wav,,,,,,1,,,,,,,
linhart2015marnosong_day2_PC1106_0193.wav,,,,,,1,,,,,,,
linhart2015marnosong_day2_PC1106_0194.wav,,,,,,1,,,,,,,
linhart2015marnosong_day2_PC1106_0195.wav,,,,,,1,,,,,,,
linhart2015marnosong_day2_PC1106_0196.wav,,,,,,1,,,,,,,
linhart2015marnosong_day2_PC1106_0197.wav,,,,,,1,,,,,,,
linhart2015marnosong_day2_PC1106_0198.wav,,,,,,1,,,,,,,
linhart2015marnosong_day2_PC1106_0199.wav,,,,,,1,,,,,,,
linhart2015marnosong_day2_PC1106_0200.wav,,,,,,1,,,,,,,
linhart2015marnosong_day2_PC1106_0201.wav,,,,,,1,,,,,,,
linhart2015marnosong_day2_PC1106_0202.wav,,,,,,1,,,,,,,
linhart2015marnosong_day2_PC1106_0203.wav,,,,,,1,,,,,,,
linhart2015marnosong_day2_PC1106_0204.wav,,,,,,1,,,,,,,
linhart2015marnosong_day2_PC1106_0205.wav,,,,,,1,,,,,,,
linhart2015marnosong_day2_PC1106_0206.wav,,,,,,1,,,,,,,
linhart2015marnosong_day2_PC1106_0207.wav,,,,,,1,,,,,,,
linhart2015marnosong_day2_PC1106_0208.wav,,,,,,1,,,,,,,
linhart2015marnosong_day2_PC1106_0209.wav,,,,,,1,,,,,,,
linhart2015marnosong_day2_PC1106_0210.wav,,,,,,1,,,,,,,
linhart2015marnosong_day2_PC1106_0211.wav,,,,,,1,,,,,,,
linhart2015marnosong_day2_PC1106_0212.wav,,,,,,1,,,,,,,
linhart2015marnosong_day2_PC1106_0213.wav,,,,,,1,,,,,,,
linhart2015marnosong_day2_PC1106_0214.wav,,,,,,1,,,,,,,
linhart2015marnosong_day2_PC1106_0215.wav,,,,,,1,,,,,,,
linhart2015marnosong_day2_PC1106_0216.wav,,,,,,1,,,,,,,
linhart2015marnosong_day2_PC1106_0217.wav,,,,,,1,,,,,,,
linhart2015marnosong_day2_PC1106_0218.wav,,,,,,1,,,,,,,
linhart2015marnosong_day2_PC1106_0219.wav,,,,,,1,,,,,,,
linhart2015marnosong_day2_PC1106_0220.wav,,,,,,1,,,,,,,
linhart2015marnosong_day2_PC1106_0221.wav,,,,,,1,,,,,,,
linhart2015marnosong_day2_PC1106_0222.wav,,,,,,1,,,,,,,
linhart2015marnosong_day2_PC1106_0223.wav,,,,,,1,,,,,,,
linhart2015marnosong_day2_PC1106_0224.wav,,,,,,1,,,,,,,
linhart2015marnosong_day2_PC1106_0225.wav,,,,,,1,,,,,,,
linhart2015marnosong_day2_PC1106_0226.wav,,,,,,1,,,,,,,
linhart2015marnosong_day2_PC1106_0227.wav,,,,,,1,,,,,,,
linhart2015marnosong_day2_PC1106_0228.wav,,,,,,1,,,,,,,
linhart2015marnosong_day2_PC1106_0229.wav,,,,,,1,,,,,,,
linhart2015marnosong_day2_PC1106_0230.wav,,,,,,1,,,,,,,
linhart2015marnosong_day2_PC1106_0231.wav,,,,,,1,,,,,,,
linhart2015marnosong_day2_PC1106_0232.wav,,,,,,1,,,,,,,
linhart2015marnosong_day2_PC1106_0233.wav,,,,,,1,,,,,,,
linhart2015marnosong_day2_PC1106_0234.wav,,,,,,1,,,,,,,
linhart2015marnosong_day2_PC1106_0235.wav,,,,,,1,,,,,,,
linhart2015marnosong_day2_PC1106_0236.wav,,,,,,1,,,,,,,
linhart2015marnosong_day2_PC1106_0237.wav,,,,,,1,,,,,,,
linhart2015marnosong_day2_PC1106_0238.wav,,,,,,1,,,,,,,
linhart2015marnosong_day2_PC1106_0239.wav,,,,,,1,,,,,,,
linhart2015marnosong_day2_PC1106_0240.wav,,,,,,1,,,,,,,
linhart2015marnosong_day2_PC1106_0241.wav,,,,,,1,,,,,,,
linhart2015marnosong_day2_PC1106_0242.wav,,,,,,1,,,,,,,
linhart2015marnosong_day2_PC1106_0243.wav,,,,,,1,,,,,,,
linhart2015marnosong_day2_PC1106_0244.wav,,,,,,1,,,,,,,
linhart2015marnosong_day2_PC1106_0245.wav,,,,,,1,,,,,,,
linhart2015marnosong_day2_PC1106_0246.wav,,,,,,1,,,,,,,
linhart2015marnosong_day2_PC1106_0247.wav,,,,,,1,,,,,,,
linhart2015marnosong_day2_PC1106_0248.wav,,,,,,1,,,,,,,
linhart2015marnosong_day2_PC1106_0249.wav,,,,,,1,,,,,,,
linhart2015marnosong_day2_PC1106_0250.wav,,,,,,1,,,,,,,
linhart2015marnosong_day2_PC1106_0251.wav,,,,,,1,,,,,,,
linhart2015marnosong_day2_PC1106_0252.wav,,,,,,1,,,,,,,
linhart2015marnosong_day2_PC1106_0253.wav,,,,,,1,,,,,,,
linhart2015marnosong_day2_PC1106_0254.wav,,,,,,1,,,,,,,
linhart2015marnosong_day2_PC1106_0255.wav,,,,,,1,,,,,,,
linhart2015marnosong_day2_PC1106_0256.wav,,,,,,1,,,,,,,
linhart2015marnosong_day2_PC1106_0257.wav,,,,,,1,,,,,,,
linhart2015marnosong_day2_PC1106_0258.wav,,,,,,1,,,,,,,
linhart2015marnosong_day2_PC1106_0259.wav,,,,,,1,,,,,,,
linhart2015marnosong_day2_PC1106_0260.wav,,,,,,1,,,,,,,
linhart2015marnosong_day2_PC1106_0261.wav,,,,,,1,,,,,,,
linhart2015marnosong_day2_PC1106_0262.wav,,,,,,1,,,,,,,
linhart2015marnosong_day2_PC1106_0263.wav,,,,,,1,,,,,,,
linhart2015marnosong_day2_PC1106_0264.wav,,,,,,1,,,,,,,
linhart2015marnosong_day2_PC1106_0265.wav,,,,,,1,,,,,,,
linhart2015marnosong_day2_PC1106_0266.wav,,,,,,1,,,,,,,
linhart2015marnosong_day2_PC1106_0267.wav,,,,,,1,,,,,,,
linhart2015marnosong_day2_PC1106_0268.wav,,,,,,1,,,,,,,
linhart2015marnosong_day2_PC1106_0269.wav,,,,,,1,,,,,,,
linhart2015marnosong_day2_PC1106_0270.wav,,,,,,1,,,,,,,
linhart2015marnosong_day2_PC1106_0271.wav,,,,,,1,,,,,,,
linhart2015marnosong_day2_PC1106_0272.wav,,,,,,1,,,,,,,
linhart2015marnosong_day2_PC1106_0273.wav,,,,,,1,,,,,,,
linhart2015marnosong_day2_PC1106_0274.wav,,,,,,1,,,,,,,
linhart2015marnosong_day2_PC1106_0275.wav,,,,,,1,,,,,,,
linhart2015marnosong_day2_PC1106_0276.wav,,,,,,1,,,,,,,
linhart2015marnosong_day2_PC1106_0277.wav,,,,,,1,,,,,,,
linhart2015marnosong_day2_PC1106_0278.wav,,,,,,1,,,,,,,
linhart2015marnosong_day2_PC1106_0279.wav,,,,,,1,,,,,,,
linhart2015marnosong_day2_PC1106_0280.wav,,,,,,1,,,,,,,
linhart2015marnosong_day2_PC1106_0281.wav,,,,,,1,,,,,,,
linhart2015marnosong_day2_PC1106_0282.wav,,,,,,1,,,,,,,
linhart2015marnosong_day2_PC1106_0283.wav,,,,,,1,,,,,,,
linhart2015marnosong_day2_PC1106_0284.wav,,,,,,1,,,,,,,
linhart2015marnosong_day2_PC1106_0285.wav,,,,,,1,,,,,,,
linhart2015marnosong_day2_PC1106_0286.wav,,,,,,1,,,,,,,
linhart2015marnosong_day2_PC1106_0287.wav,,,,,,1,,,,,,,
linhart2015marnosong_day2_PC1106_0288.wav,,,,,,1,,,,,,,
linhart2015marnosong_day2_PC1106_0289.wav,,,,,,1,,,,,,,
linhart2015marnosong_day2_PC1106_0290.wav,,,,,,1,,,,,,,
linhart2015marnosong_day2_PC1106_0291.wav,,,,,,1,,,,,,,
linhart2015marnosong_day2_PC1106_0292.wav,,,,,,1,,,,,,,
linhart2015marnosong_day2_PC1106_0293.wav,,,,,,1,,,,,,,
linhart2015marnosong_day2_PC1106_0294.wav,,,,,,1,,,,,,,
linhart2015marnosong_day2_PC1106_0295.wav,,,,,,1,,,,,,,
linhart2015marnosong_day2_PC1106_0296.wav,,,,,,1,,,,,,,
linhart2015marnosong_day2_PC1106_0297.wav,,,,,,1,,,,,,,
linhart2015marnosong_day2_PC1106_0298.wav,,,,,,1,,,,,,,
linhart2015marnosong_day2_PC1106_0299.wav,,,,,,1,,,,,,,
linhart2015marnosong_day2_PC1106_0300.wav,,,,,,1,,,,,,,
linhart2015marnosong_day2_PC1106_0301.wav,,,,,,1,,,,,,,
linhart2015marnosong_day2_PC1106_0302.wav,,,,,,1,,,,,,,
linhart2015marnosong_day2_PC1106_0303.wav,,,,,,1,,,,,,,
linhart2015marnosong_day2_PC1106_0304.wav,,,,,,1,,,,,,,
linhart2015marnosong_day2_PC1106_0305.wav,,,,,,1,,,,,,,
linhart2015marnosong_day2_PC1106_0306.wav,,,,,,1,,,,,,,
linhart2015marnosong_day2_PC1106_0307.wav,,,,,,1,,,,,,,
linhart2015marnosong_day2_PC1106_0308.wav,,,,,,1,,,,,,,
linhart2015marnosong_day2_PC1106_0309.wav,,,,,,1,,,,,,,
linhart2015marnosong_day2_PC1106_0310.wav,,,,,,1,,,,,,,
linhart2015marnosong_day2_PC1106_0311.wav,,,,,,1,,,,,,,
linhart2015marnosong_day2_PC1106_0312.wav,,,,,,1,,,,,,,
linhart2015marnosong_day2_PC1106_0313.wav,,,,,,1,,,,,,,
linhart2015marnosong_day2_PC1106_0314.wav,,,,,,1,,,,,,,
linhart2015marnosong_day2_PC1106_0315.wav,,,,,,1,,,,,,,
linhart2015marnosong_day2_PC1106_0316.wav,,,,,,1,,,,,,,
linhart2015marnosong_day2_PC1106_0317.wav,,,,,,1,,,,,,,
linhart2015marnosong_day2_PC1106_0318.wav,,,,,,1,,,,,,,
linhart2015marnosong_day2_PC1106_0319.wav,,,,,,1,,,,,,,
linhart2015marnosong_day2_PC1106_0320.wav,,,,,,1,,,,,,,
linhart2015marnosong_day2_PC1106_0321.wav,,,,,,1,,,,,,,
linhart2015marnosong_day2_PC1106_0322.wav,,,,,,1,,,,,,,
linhart2015marnosong_day2_PC1106_0323.wav,,,,,,1,,,,,,,
linhart2015marnosong_day2_PC1106_0324.wav,,,,,,1,,,,,,,
linhart2015marnosong_day2_PC1106_0325.wav,,,,,,1,,,,,,,
linhart2015marnosong_day2_PC1106_0326.wav,,,,,,1,,,,,,,
linhart2015marnosong_day2_PC1106_0327.wav,,,,,,1,,,,,,,
linhart2015marnosong_day2_PC1106_0328.wav,,,,,,1,,,,,,,
linhart2015marnosong_day2_PC1106_0329.wav,,,,,,1,,,,,,,
linhart2015marnosong_day2_PC1106_0330.wav,,,,,,1,,,,,,,
linhart2015marnosong_day2_PC1106_0331.wav,,,,,,1,,,,,,,
linhart2015marnosong_day2_PC1106_0332.wav,,,,,,1,,,,,,,
linhart2015marnosong_day2_PC1106_0333.wav,,,,,,1,,,,,,,
linhart2015marnosong_day2_PC1106_0334.wav,,,,,,1,,,,,,,
linhart2015marnosong_day2_PC1106_0335.wav,,,,,,1,,,,,,,
linhart2015marnosong_day2_PC1106_0336.wav,,,,,,1,,,,,,,
linhart2015marnosong_day2_PC1106_0337.wav,,,,,,1,,,,,,,
linhart2015marnosong_day2_PC1106_0338.wav,,,,,,1,,,,,,,
linhart2015marnosong_day2_PC1106_0339.wav,,,,,,1,,,,,,,
linhart2015marnosong_day2_PC1106_0340.wav,,,,,,1,,,,,,,
linhart2015marnosong_day2_PC1106_0341.wav,,,,,,1,,,,,,,
linhart2015marnosong_day2_PC1106_0342.wav,,,,,,1,,,,,,,
linhart2015marnosong_day2_PC1106_0343.wav,,,,,,1,,,,,,,
linhart2015marnosong_day2_PC1106_0344.wav,,,,,,1,,,,,,,
linhart2015marnosong_day2_PC1106_0345.wav,,,,,,1,,,,,,,
linhart2015marnosong_day2_PC1106_0346.wav,,,,,,1,,,,,,,
linhart2015marnosong_day2_PC1106_0347.wav,,,,,,1,,,,,,,
linhart2015marnosong_day2_PC1106_0348.wav,,,,,,1,,,,,,,
linhart2015marnosong_day2_PC1106_0349.wav,,,,,,1,,,,,,,
linhart2015marnosong_day2_PC1106_0350.wav,,,,,,1,,,,,,,
linhart2015marnosong_day2_PC1106_0351.wav,,,,,,1,,,,,,,
linhart2015marnosong_day2_PC1106_0352.wav,,,,,,1,,,,,,,
linhart2015marnosong_day2_PC1106_0353.wav,,,,,,1,,,,,,,
linhart2015marnosong_day2_PC1106_0354.wav,,,,,,1,,,,,,,
linhart2015marnosong_day2_PC1106_0355.wav,,,,,,1,,,,,,,
linhart2015marnosong_day2_PC1106_0356.wav,,,,,,1,,,,,,,
linhart2015marnosong_day2_PC1106_0357.wav,,,,,,1,,,,,,,
linhart2015marnosong_day2_PC1106_0358.wav,,,,,,1,,,,,,,
linhart2015marnosong_day2_PC1106_0359.wav,,,,,,1,,,,,,,
linhart2015marnosong_day2_PC1106_0360.wav,,,,,,1,,,,,,,
linhart2015marnosong_day2_PC1106_0361.wav,,,,,,1,,,,,,,
linhart2015marnosong_day2_PC1106_0362.wav,,,,,,1,,,,,,,
linhart2015marnosong_day2_PC1106_0363.wav,,,,,,1,,,,,,,
linhart2015marnosong_day2_PC1106_0364.wav,,,,,,1,,,,,,,
linhart2015marnosong_day2_PC1106_0365.wav,,,,,,1,,,,,,,
linhart2015marnosong_day2_PC1106_0366.wav,,,,,,1,,,,,,,
linhart2015marnosong_day2_PC1106_0367.wav,,,,,,1,,,,,,,
linhart2015marnosong_day2_PC1106_0368.wav,,,,,,1,,,,,,,
linhart2015marnosong_day2_PC1106_0369.wav,,,,,,1,,,,,,,
linhart2015marnosong_day2_PC1106_0370.wav,,,,,,1,,,,,,,
linhart2015marnosong_day2_PC1106_0371.wav,,,,,,1,,,,,,,
linhart2015marnosong_day2_PC1106_0372.wav,,,,,,1,,,,,,,
linhart2015marnosong_day2_PC1106_0373.wav,,,,,,1,,,,,,,
linhart2015marnosong_day2_PC1106_0374.wav,,,,,,1,,,,,,,
linhart2015marnosong_day2_PC1106_0375.wav,,,,,,1,,,,,,,
linhart2015marnosong_day2_PC1106_0376.wav,,,,,,1,,,,,,,
linhart2015marnosong_day2_PC1106_0377.wav,,,,,,1,,,,,,,
linhart2015marnosong_day2_PC1106_0378.wav,,,,,,1,,,,,,,
linhart2015marnosong_day2_PC1106_0379.wav,,,,,,1,,,,,,,
linhart2015marnosong_day2_PC1106_0380.wav,,,,,,1,,,,,,,
linhart2015marnosong_day2_PC1106_0381.wav,,,,,,1,,,,,,,
linhart2015marnosong_day2_PC1106_0382.wav,,,,,,1,,,,,,,
linhart2015marnosong_day2_PC1106_0383.wav,,,,,,1,,,,,,,
linhart2015marnosong_day2_PC1106_0384.wav,,,,,,1,,,,,,,
linhart2015marnosong_day2_PC1106_0385.wav,,,,,,1,,,,,,,
linhart2015marnosong_day2_PC1106_0386.wav,,,,,,1,,,,,,,
linhart2015marnosong_day2_PC1106_0387.wav,,,,,,1,,,,,,,
linhart2015marnosong_day2_PC1106_0388.wav,,,,,,1,,,,,,,
linhart2015marnosong_day2_PC1106_0389.wav,,,,,,1,,,,,,,
linhart2015marnosong_day2_PC1106_0390.wav,,,,,,1,,,,,,,
linhart2015marnosong_day2_PC1106_0391.wav,,,,,,1,,,,,,,
linhart2015marnosong_day2_PC1106_0392.wav,,,,,,1,,,,,,,
linhart2015marnosong_day2_PC1106_0393.wav,,,,,,1,,,,,,,
linhart2015marnosong_day2_PC1106_0394.wav,,,,,,1,,,,,,,
linhart2015marnosong_day2_PC1106_0395.wav,,,,,,1,,,,,,,
linhart2015marnosong_day2_PC1106_0396.wav,,,,,,1,,,,,,,
linhart2015marnosong_day2_PC1106_0397.wav,,,,,,1,,,,,,,
linhart2015marnosong_day2_PC1106_0398.wav,,,,,,1,,,,,,,
linhart2015marnosong_day2_PC1106_0399.wav,,,,,,1,,,,,,,
linhart2015marnosong_day2_PC1106_0400.wav,,,,,,1,,,,,,,
linhart2015marnosong_day2_PC1106_0401.wav,,,,,,1,,,,,,,
linhart2015marnosong_day2_PC1106_0402.wav,,,,,,1,,,,,,,
linhart2015marnosong_day2_PC1106_0403.wav,,,,,,1,,,,,,,
linhart2015marnosong_day2_PC1106_0404.wav,,,,,,1,,,,,,,
linhart2015marnosong_day2_PC1106_0405.wav,,,,,,1,,,,,,,
linhart2015marnosong_day2_PC1106_0406.wav,,,,,,1,,,,,,,
linhart2015marnosong_day2_PC1106_0407.wav,,,,,,1,,,,,,,
linhart2015marnosong_day2_PC1106_0408.wav,,,,,,1,,,,,,,
linhart2015marnosong_day2_PC1106_0409.wav,,,,,,1,,,,,,,
linhart2015marnosong_day2_PC1106_0410.wav,,,,,,1,,,,,,,
linhart2015marnosong_day2_PC1106_0411.wav,,,,,,1,,,,,,,
linhart2015marnosong_day2_PC1106_0412.wav,,,,,,1,,,,,,,
linhart2015marnosong_day2_PC1106_0413.wav,,,,,,1,,,,,,,
linhart2015marnosong_day2_PC1106_0414.wav,,,,,,1,,,,,,,
linhart2015marnosong_day2_PC1106_0415.wav,,,,,,1,,,,,,,
linhart2015marnosong_day2_PC1106_0416.wav,,,,,,1,,,,,,,
linhart2015marnosong_day2_PC1106_0417.wav,,,,,,1,,,,,,,
linhart2015marnosong_day2_PC1106_0418.wav,,,,,,1,,,,,,,
linhart2015marnosong_day2_PC1106_0419.wav,,,,,,1,,,,,,,
linhart2015marnosong_day2_PC1106_0420.wav,,,,,,1,,,,,,,
linhart2015marnosong_day2_PC1106_0421.wav,,,,,,1,,,,,,,
linhart2015marnosong_day2_PC1106_0422.wav,,,,,,1,,,,,,,
linhart2015marnosong_day2_PC1106_0423.wav,,,,,,1,,,,,,,
linhart2015marnosong_day2_PC1106_0424.wav,,,,,,1,,,,,,,
linhart2015marnosong_day2_PC1106_0425.wav,,,,,,1,,,,,,,
linhart2015marnosong_day2_PC1106_0426.wav,,,,,,1,,,,,,,
linhart2015marnosong_day2_PC1106_0427.wav,,,,,,1,,,,,,,
linhart2015marnosong_day2_PC1106_0428.wav,,,,,,1,,,,,,,
linhart2015marnosong_day2_PC1106_0429.wav,,,,,,1,,,,,,,
linhart2015marnosong_day2_PC1106_0430.wav,,,,,,1,,,,,,,
linhart2015marnosong_day2_PC1106_0431.wav,,,,,,1,,,,,,,
linhart2015marnosong_day2_PC1106_0432.wav,,,,,,1,,,,,,,
linhart2015marnosong_day2_PC1106_0433.wav,,,,,,1,,,,,,,
linhart2015marnosong_day2_PC1106_0434.wav,,,,,,1,,,,,,,
linhart2015marnosong_day2_PC1107_0000.wav,,,,,,,1,,,,,,
linhart2015marnosong_day2_PC1107_0001.wav,,,,,,,1,,,,,,
linhart2015marnosong_day2_PC1107_0002.wav,,,,,,,1,,,,,,
linhart2015marnosong_day2_PC1107_0003.wav,,,,,,,1,,,,,,
linhart2015marnosong_day2_PC1107_0004.wav,,,,,,,1,,,,,,
linhart2015marnosong_day2_PC1107_0005.wav,,,,,,,1,,,,,,
linhart2015marnosong_day2_PC1107_0006.wav,,,,,,,1,,,,,,
linhart2015marnosong_day2_PC1107_0007.wav,,,,,,,1,,,,,,
linhart2015marnosong_day2_PC1107_0008.wav,,,,,,,1,,,,,,
linhart2015marnosong_day2_PC1107_0009.wav,,,,,,,1,,,,,,
linhart2015marnosong_day2_PC1107_0010.wav,,,,,,,1,,,,,,
linhart2015marnosong_day2_PC1107_0011.wav,,,,,,,1,,,,,,
linhart2015marnosong_day2_PC1107_0012.wav,,,,,,,1,,,,,,
linhart2015marnosong_day2_PC1107_0013.wav,,,,,,,1,,,,,,
linhart2015marnosong_day2_PC1107_0014.wav,,,,,,,1,,,,,,
linhart2015marnosong_day2_PC1107_0015.wav,,,,,,,1,,,,,,
linhart2015marnosong_day2_PC1107_0016.wav,,,,,,,1,,,,,,
linhart2015marnosong_day2_PC1107_0017.wav,,,,,,,1,,,,,,
linhart2015marnosong_day2_PC1107_0018.wav,,,,,,,1,,,,,,
linhart2015marnosong_day2_PC1107_0019.wav,,,,,,,1,,,,,,
linhart2015marnosong_day2_PC1107_0020.wav,,,,,,,1,,,,,,
linhart2015marnosong_day2_PC1107_0021.wav,,,,,,,1,,,,,,
linhart2015marnosong_day2_PC1107_0022.wav,,,,,,,1,,,,,,
linhart2015marnosong_day2_PC1107_0023.wav,,,,,,,1,,,,,,
linhart2015marnosong_day2_PC1107_0024.wav,,,,,,,1,,,,,,
linhart2015marnosong_day2_PC1107_0025.wav,,,,,,,1,,,,,,
linhart2015marnosong_day2_PC1107_0026.wav,,,,,,,1,,,,,,
linhart2015marnosong_day2_PC1107_0027.wav,,,,,,,1,,,,,,
linhart2015marnosong_day2_PC1107_0028.wav,,,,,,,1,,,,,,
linhart2015marnosong_day2_PC1107_0029.wav,,,,,,,1,,,,,,
linhart2015marnosong_day2_PC1107_0030.wav,,,,,,,1,,,,,,
linhart2015marnosong_day2_PC1107_0031.wav,,,,,,,1,,,,,,
linhart2015marnosong_day2_PC1107_0032.wav,,,,,,,1,,,,,,
linhart2015marnosong_day2_PC1107_0033.wav,,,,,,,1,,,,,,
linhart2015marnosong_day2_PC1107_0034.wav,,,,,,,1,,,,,,
linhart2015marnosong_day2_PC1107_0035.wav,,,,,,,1,,,,,,
linhart2015marnosong_day2_PC1107_0036.wav,,,,,,,1,,,,,,
linhart2015marnosong_day2_PC1107_0037.wav,,,,,,,1,,,,,,
linhart2015marnosong_day2_PC1107_0038.wav,,,,,,,1,,,,,,
linhart2015marnosong_day2_PC1107_0039.wav,,,,,,,1,,,,,,
linhart2015marnosong_day2_PC1107_0040.wav,,,,,,,1,,,,,,
linhart2015marnosong_day2_PC1107_0041.wav,,,,,,,1,,,,,,
linhart2015marnosong_day2_PC1107_0042.wav,,,,,,,1,,,,,,
linhart2015marnosong_day2_PC1107_0043.wav,,,,,,,1,,,,,,
linhart2015marnosong_day2_PC1107_0044.wav,,,,,,,1,,,,,,
linhart2015marnosong_day2_PC1107_0045.wav,,,,,,,1,,,,,,
linhart2015marnosong_day2_PC1107_0046.wav,,,,,,,1,,,,,,
linhart2015marnosong_day2_PC1107_0047.wav,,,,,,,1,,,,,,
linhart2015marnosong_day2_PC1107_0048.wav,,,,,,,1,,,,,,
linhart2015marnosong_day2_PC1107_0049.wav,,,,,,,1,,,,,,
linhart2015marnosong_day2_PC1107_0050.wav,,,,,,,1,,,,,,
linhart2015marnosong_day2_PC1107_0051.wav,,,,,,,1,,,,,,
linhart2015marnosong_day2_PC1107_0052.wav,,,,,,,1,,,,,,
linhart2015marnosong_day2_PC1107_0053.wav,,,,,,,1,,,,,,
linhart2015marnosong_day2_PC1107_0054.wav,,,,,,,1,,,,,,
linhart2015marnosong_day2_PC1107_0055.wav,,,,,,,1,,,,,,
linhart2015marnosong_day2_PC1107_0056.wav,,,,,,,1,,,,,,
linhart2015marnosong_day2_PC1107_0057.wav,,,,,,,1,,,,,,
linhart2015marnosong_day2_PC1107_0058.wav,,,,,,,1,,,,,,
linhart2015marnosong_day2_PC1107_0059.wav,,,,,,,1,,,,,,
linhart2015marnosong_day2_PC1107_0060.wav,,,,,,,1,,,,,,
linhart2015marnosong_day2_PC1107_0061.wav,,,,,,,1,,,,,,
linhart2015marnosong_day2_PC1107_0062.wav,,,,,,,1,,,,,,
linhart2015marnosong_day2_PC1107_0063.wav,,,,,,,1,,,,,,
linhart2015marnosong_day2_PC1107_0064.wav,,,,,,,1,,,,,,
linhart2015marnosong_day2_PC1107_0065.wav,,,,,,,1,,,,,,
linhart2015marnosong_day2_PC1107_0066.wav,,,,,,,1,,,,,,
linhart2015marnosong_day2_PC1107_0067.wav,,,,,,,1,,,,,,
linhart2015marnosong_day2_PC1107_0068.wav,,,,,,,1,,,,,,
linhart2015marnosong_day2_PC1107_0069.wav,,,,,,,1,,,,,,
linhart2015marnosong_day2_PC1107_0070.wav,,,,,,,1,,,,,,
linhart2015marnosong_day2_PC1108_0000.wav,,,,,,,,1,,,,,
linhart2015marnosong_day2_PC1108_0001.wav,,,,,,,,1,,,,,
linhart2015marnosong_day2_PC1108_0002.wav,,,,,,,,1,,,,,
linhart2015marnosong_day2_PC1108_0003.wav,,,,,,,,1,,,,,
linhart2015marnosong_day2_PC1108_0004.wav,,,,,,,,1,,,,,
linhart2015marnosong_day2_PC1108_0005.wav,,,,,,,,1,,,,,
linhart2015marnosong_day2_PC1108_0006.wav,,,,,,,,1,,,,,
linhart2015marnosong_day2_PC1108_0007.wav,,,,,,,,1,,,,,
linhart2015marnosong_day2_PC1108_0008.wav,,,,,,,,1,,,,,
linhart2015marnosong_day2_PC1108_0009.wav,,,,,,,,1,,,,,
linhart2015marnosong_day2_PC1108_0010.wav,,,,,,,,1,,,,,
linhart2015marnosong_day2_PC1108_0011.wav,,,,,,,,1,,,,,
linhart2015marnosong_day2_PC1108_0012.wav,,,,,,,,1,,,,,
linhart2015marnosong_day2_PC1108_0013.wav,,,,,,,,1,,,,,
linhart2015marnosong_day2_PC1108_0014.wav,,,,,,,,1,,,,,
linhart2015marnosong_day2_PC1108_0015.wav,,,,,,,,1,,,,,
linhart2015marnosong_day2_PC1108_0016.wav,,,,,,,,1,,,,,
linhart2015marnosong_day2_PC1108_0017.wav,,,,,,,,1,,,,,
linhart2015marnosong_day2_PC1108_0018.wav,,,,,,,,1,,,,,
linhart2015marnosong_day2_PC1108_0019.wav,,,,,,,,1,,,,,
linhart2015marnosong_day2_PC1108_0020.wav,,,,,,,,1,,,,,
linhart2015marnosong_day2_PC1108_0021.wav,,,,,,,,1,,,,,
linhart2015marnosong_day2_PC1108_0022.wav,,,,,,,,1,,,,,
linhart2015marnosong_day2_PC1108_0023.wav,,,,,,,,1,,,,,
linhart2015marnosong_day2_PC1108_0024.wav,,,,,,,,1,,,,,
linhart2015marnosong_day2_PC1108_0025.wav,,,,,,,,1,,,,,
linhart2015marnosong_day2_PC1108_0026.wav,,,,,,,,1,,,,,
linhart2015marnosong_day2_PC1108_0027.wav,,,,,,,,1,,,,,
linhart2015marnosong_day2_PC1108_0028.wav,,,,,,,,1,,,,,
linhart2015marnosong_day2_PC1108_0029.wav,,,,,,,,1,,,,,
linhart2015marnosong_day2_PC1108_0030.wav,,,,,,,,1,,,,,
linhart2015marnosong_day2_PC1108_0031.wav,,,,,,,,1,,,,,
linhart2015marnosong_day2_PC1108_0032.wav,,,,,,,,1,,,,,
linhart2015marnosong_day2_PC1108_0033.wav,,,,,,,,1,,,,,
linhart2015marnosong_day2_PC1108_0034.wav,,,,,,,,1,,,,,
linhart2015marnosong_day2_PC1108_0035.wav,,,,,,,,1,,,,,
linhart2015marnosong_day2_PC1108_0036.wav,,,,,,,,1,,,,,
linhart2015marnosong_day2_PC1108_0037.wav,,,,,,,,1,,,,,
linhart2015marnosong_day2_PC1108_0038.wav,,,,,,,,1,,,,,
linhart2015marnosong_day2_PC1108_0039.wav,,,,,,,,1,,,,,
linhart2015marnosong_day2_PC1108_0040.wav,,,,,,,,1,,,,,
linhart2015marnosong_day2_PC1108_0041.wav,,,,,,,,1,,,,,
linhart2015marnosong_day2_PC1108_0042.wav,,,,,,,,1,,,,,
linhart2015marnosong_day2_PC1108_0043.wav,,,,,,,,1,,,,,
linhart2015marnosong_day2_PC1108_0044.wav,,,,,,,,1,,,,,
linhart2015marnosong_day2_PC1108_0045.wav,,,,,,,,1,,,,,
linhart2015marnosong_day2_PC1108_0046.wav,,,,,,,,1,,,,,
linhart2015marnosong_day2_PC1108_0047.wav,,,,,,,,1,,,,,
linhart2015marnosong_day2_PC1108_0048.wav,,,,,,,,1,,,,,
linhart2015marnosong_day2_PC1108_0049.wav,,,,,,,,1,,,,,
linhart2015marnosong_day2_PC1108_0050.wav,,,,,,,,1,,,,,
linhart2015marnosong_day2_PC1108_0051.wav,,,,,,,,1,,,,,
linhart2015marnosong_day2_PC1108_0052.wav,,,,,,,,1,,,,,
linhart2015marnosong_day2_PC1108_0053.wav,,,,,,,,1,,,,,
linhart2015marnosong_day2_PC1108_0054.wav,,,,,,,,1,,,,,
linhart2015marnosong_day2_PC1108_0055.wav,,,,,,,,1,,,,,
linhart2015marnosong_day2_PC1108_0056.wav,,,,,,,,1,,,,,
linhart2015marnosong_day2_PC1108_0057.wav,,,,,,,,1,,,,,
linhart2015marnosong_day2_PC1108_0058.wav,,,,,,,,1,,,,,
linhart2015marnosong_day2_PC1108_0059.wav,,,,,,,,1,,,,,
linhart2015marnosong_day2_PC1108_0060.wav,,,,,,,,1,,,,,
linhart2015marnosong_day2_PC1108_0061.wav,,,,,,,,1,,,,,
linhart2015marnosong_day2_PC1108_0062.wav,,,,,,,,1,,,,,
linhart2015marnosong_day2_PC1108_0063.wav,,,,,,,,1,,,,,
linhart2015marnosong_day2_PC1108_0064.wav,,,,,,,,1,,,,,
linhart2015marnosong_day2_PC1108_0065.wav,,,,,,,,1,,,,,
linhart2015marnosong_day2_PC1108_0066.wav,,,,,,,,1,,,,,
linhart2015marnosong_day2_PC1108_0067.wav,,,,,,,,1,,,,,
linhart2015marnosong_day2_PC1108_0068.wav,,,,,,,,1,,,,,
linhart2015marnosong_day2_PC1108_0069.wav,,,,,,,,1,,,,,
linhart2015marnosong_day2_PC1108_0070.wav,,,,,,,,1,,,,,
linhart2015marnosong_day2_PC1108_0071.wav,,,,,,,,1,,,,,
linhart2015marnosong_day2_PC1108_0072.wav,,,,,,,,1,,,,,
linhart2015marnosong_day2_PC1108_0073.wav,,,,,,,,1,,,,,
linhart2015marnosong_day2_PC1108_0074.wav,,,,,,,,1,,,,,
linhart2015marnosong_day2_PC1108_0075.wav,,,,,,,,1,,,,,
linhart2015marnosong_day2_PC1108_0076.wav,,,,,,,,1,,,,,
linhart2015marnosong_day2_PC1108_0077.wav,,,,,,,,1,,,,,
linhart2015marnosong_day2_PC1108_0078.wav,,,,,,,,1,,,,,
linhart2015marnosong_day2_PC1108_0079.wav,,,,,,,,1,,,,,
linhart2015marnosong_day2_PC1108_0080.wav,,,,,,,,1,,,,,
linhart2015marnosong_day2_PC1108_0081.wav,,,,,,,,1,,,,,
linhart2015marnosong_day2_PC1108_0082.wav,,,,,,,,1,,,,,
linhart2015marnosong_day2_PC1108_0083.wav,,,,,,,,1,,,,,
linhart2015marnosong_day2_PC1108_0084.wav,,,,,,,,1,,,,,
linhart2015marnosong_day2_PC1108_0085.wav,,,,,,,,1,,,,,
linhart2015marnosong_day2_PC1108_0086.wav,,,,,,,,1,,,,,
linhart2015marnosong_day2_PC1108_0087.wav,,,,,,,,1,,,,,
linhart2015marnosong_day2_PC1108_0088.wav,,,,,,,,1,,,,,
linhart2015marnosong_day2_PC1108_0089.wav,,,,,,,,1,,,,,
linhart2015marnosong_day2_PC1108_0090.wav,,,,,,,,1,,,,,
linhart2015marnosong_day2_PC1108_0091.wav,,,,,,,,1,,,,,
linhart2015marnosong_day2_PC1108_0092.wav,,,,,,,,1,,,,,
linhart2015marnosong_day2_PC1108_0093.wav,,,,,,,,1,,,,,
linhart2015marnosong_day2_PC1108_0094.wav,,,,,,,,1,,,,,
linhart2015marnosong_day2_PC1108_0095.wav,,,,,,,,1,,,,,
linhart2015marnosong_day2_PC1108_0096.wav,,,,,,,,1,,,,,
linhart2015marnosong_day2_PC1108_0097.wav,,,,,,,,1,,,,,
linhart2015marnosong_day2_PC1108_0098.wav,,,,,,,,1,,,,,
linhart2015marnosong_day2_PC1108_0099.wav,,,,,,,,1,,,,,
linhart2015marnosong_day2_PC1108_0100.wav,,,,,,,,1,,,,,
linhart2015marnosong_day2_PC1108_0101.wav,,,,,,,,1,,,,,
linhart2015marnosong_day2_PC1108_0102.wav,,,,,,,,1,,,,,
linhart2015marnosong_day2_PC1108_0103.wav,,,,,,,,1,,,,,
linhart2015marnosong_day2_PC1108_0104.wav,,,,,,,,1,,,,,
linhart2015marnosong_day2_PC1108_0105.wav,,,,,,,,1,,,,,
linhart2015marnosong_day2_PC1108_0106.wav,,,,,,,,1,,,,,
linhart2015marnosong_day2_PC1108_0107.wav,,,,,,,,1,,,,,
linhart2015marnosong_day2_PC1108_0108.wav,,,,,,,,1,,,,,
linhart2015marnosong_day2_PC1108_0109.wav,,,,,,,,1,,,,,
linhart2015marnosong_day2_PC1108_0110.wav,,,,,,,,1,,,,,
linhart2015marnosong_day2_PC1108_0111.wav,,,,,,,,1,,,,,
linhart2015marnosong_day2_PC1108_0112.wav,,,,,,,,1,,,,,
linhart2015marnosong_day2_PC1108_0113.wav,,,,,,,,1,,,,,
linhart2015marnosong_day2_PC1108_0114.wav,,,,,,,,1,,,,,
linhart2015marnosong_day2_PC1108_0115.wav,,,,,,,,1,,,,,
linhart2015marnosong_day2_PC1108_0116.wav,,,,,,,,1,,,,,
linhart2015marnosong_day2_PC1108_0117.wav,,,,,,,,1,,,,,
linhart2015marnosong_day2_PC1108_0118.wav,,,,,,,,1,,,,,
linhart2015marnosong_day2_PC1108_0119.wav,,,,,,,,1,,,,,
linhart2015marnosong_day2_PC1108_0120.wav,,,,,,,,1,,,,,
linhart2015marnosong_day2_PC1108_0121.wav,,,,,,,,1,,,,,
linhart2015marnosong_day2_PC1108_0122.wav,,,,,,,,1,,,,,
linhart2015marnosong_day2_PC1108_0123.wav,,,,,,,,1,,,,,
linhart2015marnosong_day2_PC1108_0124.wav,,,,,,,,1,,,,,
linhart2015marnosong_day2_PC1108_0125.wav,,,,,,,,1,,,,,
linhart2015marnosong_day2_PC1108_0126.wav,,,,,,,,1,,,,,
linhart2015marnosong_day2_PC1108_0127.wav,,,,,,,,1,,,,,
linhart2015marnosong_day2_PC1108_0128.wav,,,,,,,,1,,,,,
linhart2015marnosong_day2_PC1109_0000.wav,,,,,,,,,1,,,,
linhart2015marnosong_day2_PC1109_0001.wav,,,,,,,,,1,,,,
linhart2015marnosong_day2_PC1109_0002.wav,,,,,,,,,1,,,,
linhart2015marnosong_day2_PC1109_0003.wav,,,,,,,,,1,,,,
linhart2015marnosong_day2_PC1109_0004.wav,,,,,,,,,1,,,,
linhart2015marnosong_day2_PC1109_0005.wav,,,,,,,,,1,,,,
linhart2015marnosong_day2_PC1109_0006.wav,,,,,,,,,1,,,,
linhart2015marnosong_day2_PC1109_0007.wav,,,,,,,,,1,,,,
linhart2015marnosong_day2_PC1109_0008.wav,,,,,,,,,1,,,,
linhart2015marnosong_day2_PC1109_0009.wav,,,,,,,,,1,,,,
linhart2015marnosong_day2_PC1109_0010.wav,,,,,,,,,1,,,,
linhart2015marnosong_day2_PC1109_0011.wav,,,,,,,,,1,,,,
linhart2015marnosong_day2_PC1109_0012.wav,,,,,,,,,1,,,,
linhart2015marnosong_day2_PC1109_0013.wav,,,,,,,,,1,,,,
linhart2015marnosong_day2_PC1109_0014.wav,,,,,,,,,1,,,,
linhart2015marnosong_day2_PC1109_0015.wav,,,,,,,,,1,,,,
linhart2015marnosong_day2_PC1109_0016.wav,,,,,,,,,1,,,,
linhart2015marnosong_day2_PC1109_0017.wav,,,,,,,,,1,,,,
linhart2015marnosong_day2_PC1109_0018.wav,,,,,,,,,1,,,,
linhart2015marnosong_day2_PC1109_0019.wav,,,,,,,,,1,,,,
linhart2015marnosong_day2_PC1109_0020.wav,,,,,,,,,1,,,,
linhart2015marnosong_day2_PC1109_0021.wav,,,,,,,,,1,,,,
linhart2015marnosong_day2_PC1109_0022.wav,,,,,,,,,1,,,,
linhart2015marnosong_day2_PC1109_0023.wav,,,,,,,,,1,,,,
linhart2015marnosong_day2_PC1109_0024.wav,,,,,,,,,1,,,,
linhart2015marnosong_day2_PC1109_0025.wav,,,,,,,,,1,,,,
linhart2015marnosong_day2_PC1109_0026.wav,,,,,,,,,1,,,,
linhart2015marnosong_day2_PC1109_0027.wav,,,,,,,,,1,,,,
linhart2015marnosong_day2_PC1109_0028.wav,,,,,,,,,1,,,,
linhart2015marnosong_day2_PC1109_0029.wav,,,,,,,,,1,,,,
linhart2015marnosong_day2_PC1109_0030.wav,,,,,,,,,1,,,,
linhart2015marnosong_day2_PC1109_0031.wav,,,,,,,,,1,,,,
linhart2015marnosong_day2_PC1109_0032.wav,,,,,,,,,1,,,,
linhart2015marnosong_day2_PC1109_0033.wav,,,,,,,,,1,,,,
linhart2015marnosong_day2_PC1109_0034.wav,,,,,,,,,1,,,,
linhart2015marnosong_day2_PC1109_0035.wav,,,,,,,,,1,,,,
linhart2015marnosong_day2_PC1109_0036.wav,,,,,,,,,1,,,,
linhart2015marnosong_day2_PC1109_0037.wav,,,,,,,,,1,,,,
linhart2015marnosong_day2_PC1109_0038.wav,,,,,,,,,1,,,,
linhart2015marnosong_day2_PC1109_0039.wav,,,,,,,,,1,,,,
linhart2015marnosong_day2_PC1109_0040.wav,,,,,,,,,1,,,,
linhart2015marnosong_day2_PC1109_0041.wav,,,,,,,,,1,,,,
linhart2015marnosong_day2_PC1109_0042.wav,,,,,,,,,1,,,,
linhart2015marnosong_day2_PC1109_0043.wav,,,,,,,,,1,,,,
linhart2015marnosong_day2_PC1109_0044.wav,,,,,,,,,1,,,,
linhart2015marnosong_day2_PC1109_0045.wav,,,,,,,,,1,,,,
linhart2015marnosong_day2_PC1109_0046.wav,,,,,,,,,1,,,,
linhart2015marnosong_day2_PC1109_0047.wav,,,,,,,,,1,,,,
linhart2015marnosong_day2_PC1109_0048.wav,,,,,,,,,1,,,,
linhart2015marnosong_day2_PC1109_0049.wav,,,,,,,,,1,,,,
linhart2015marnosong_day2_PC1109_0050.wav,,,,,,,,,1,,,,
linhart2015marnosong_day2_PC1109_0051.wav,,,,,,,,,1,,,,
linhart2015marnosong_day2_PC1109_0052.wav,,,,,,,,,1,,,,
linhart2015marnosong_day2_PC1109_0053.wav,,,,,,,,,1,,,,
linhart2015marnosong_day2_PC1109_0054.wav,,,,,,,,,1,,,,
linhart2015marnosong_day2_PC1109_0055.wav,,,,,,,,,1,,,,
linhart2015marnosong_day2_PC1109_0056.wav,,,,,,,,,1,,,,
linhart2015marnosong_day2_PC1109_0057.wav,,,,,,,,,1,,,,
linhart2015marnosong_day2_PC1109_0058.wav,,,,,,,,,1,,,,
linhart2015marnosong_day2_PC1109_0059.wav,,,,,,,,,1,,,,
linhart2015marnosong_day2_PC1109_0060.wav,,,,,,,,,1,,,,
linhart2015marnosong_day2_PC1109_0061.wav,,,,,,,,,1,,,,
linhart2015marnosong_day2_PC1109_0062.wav,,,,,,,,,1,,,,
linhart2015marnosong_day2_PC1109_0063.wav,,,,,,,,,1,,,,
linhart2015marnosong_day2_PC1109_0064.wav,,,,,,,,,1,,,,
linhart2015marnosong_day2_PC1109_0065.wav,,,,,,,,,1,,,,
linhart2015marnosong_day2_PC1109_0066.wav,,,,,,,,,1,,,,
linhart2015marnosong_day2_PC1109_0067.wav,,,,,,,,,1,,,,
linhart2015marnosong_day2_PC1109_0068.wav,,,,,,,,,1,,,,
linhart2015marnosong_day2_PC1110_0000.wav,,,,,,,,,,1,,,
linhart2015marnosong_day2_PC1110_0001.wav,,,,,,,,,,1,,,
linhart2015marnosong_day2_PC1110_0002.wav,,,,,,,,,,1,,,
linhart2015marnosong_day2_PC1110_0003.wav,,,,,,,,,,1,,,
linhart2015marnosong_day2_PC1110_0004.wav,,,,,,,,,,1,,,
linhart2015marnosong_day2_PC1110_0005.wav,,,,,,,,,,1,,,
linhart2015marnosong_day2_PC1110_0006.wav,,,,,,,,,,1,,,
linhart2015marnosong_day2_PC1110_0007.wav,,,,,,,,,,1,,,
linhart2015marnosong_day2_PC1110_0008.wav,,,,,,,,,,1,,,
linhart2015marnosong_day2_PC1110_0009.wav,,,,,,,,,,1,,,
linhart2015marnosong_day2_PC1110_0010.wav,,,,,,,,,,1,,,
linhart2015marnosong_day2_PC1110_0011.wav,,,,,,,,,,1,,,
linhart2015marnosong_day2_PC1110_0012.wav,,,,,,,,,,1,,,
linhart2015marnosong_day2_PC1110_0013.wav,,,,,,,,,,1,,,
linhart2015marnosong_day2_PC1110_0014.wav,,,,,,,,,,1,,,
linhart2015marnosong_day2_PC1111_0000.wav,,,,,,,,,,,1,,
linhart2015marnosong_day2_PC1111_0001.wav,,,,,,,,,,,1,,
linhart2015marnosong_day2_PC1111_0002.wav,,,,,,,,,,,1,,
linhart2015marnosong_day2_PC1111_0003.wav,,,,,,,,,,,1,,
linhart2015marnosong_day2_PC1111_0004.wav,,,,,,,,,,,1,,
linhart2015marnosong_day2_PC1111_0005.wav,,,,,,,,,,,1,,
linhart2015marnosong_day2_PC1111_0006.wav,,,,,,,,,,,1,,
linhart2015marnosong_day2_PC1111_0007.wav,,,,,,,,,,,1,,
linhart2015marnosong_day2_PC1111_0008.wav,,,,,,,,,,,1,,
linhart2015marnosong_day2_PC1111_0009.wav,,,,,,,,,,,1,,
linhart2015marnosong_day2_PC1111_0010.wav,,,,,,,,,,,1,,
linhart2015marnosong_day2_PC1111_0011.wav,,,,,,,,,,,1,,
linhart2015marnosong_day2_PC1111_0012.wav,,,,,,,,,,,1,,
linhart2015marnosong_day2_PC1111_0013.wav,,,,,,,,,,,1,,
linhart2015marnosong_day2_PC1112_0000.wav,,,,,,,,,,,,1,
linhart2015marnosong_day2_PC1112_0001.wav,,,,,,,,,,,,1,
linhart2015marnosong_day2_PC1112_0002.wav,,,,,,,,,,,,1,
linhart2015marnosong_day2_PC1112_0003.wav,,,,,,,,,,,,1,
linhart2015marnosong_day2_PC1112_0004.wav,,,,,,,,,,,,1,
linhart2015marnosong_day2_PC1112_0005.wav,,,,,,,,,,,,1,
linhart2015marnosong_day2_PC1112_0006.wav,,,,,,,,,,,,1,
linhart2015marnosong_day2_PC1112_0007.wav,,,,,,,,,,,,1,
linhart2015marnosong_day2_PC1112_0008.wav,,,,,,,,,,,,1,
linhart2015marnosong_day2_PC1112_0009.wav,,,,,,,,,,,,1,
linhart2015marnosong_day2_PC1112_0010.wav,,,,,,,,,,,,1,
linhart2015marnosong_day2_PC1112_0011.wav,,,,,,,,,,,,1,
linhart2015marnosong_day2_PC1112_0012.wav,,,,,,,,,,,,1,
linhart2015marnosong_day2_PC1112_0013.wav,,,,,,,,,,,,1,
linhart2015marnosong_day2_PC1112_0014.wav,,,,,,,,,,,,1,
linhart2015marnosong_day2_PC1112_0015.wav,,,,,,,,,,,,1,
linhart2015marnosong_day2_PC1112_0016.wav,,,,,,,,,,,,1,
linhart2015marnosong_day2_PC1112_0017.wav,,,,,,,,,,,,1,
linhart2015marnosong_day2_PC1112_0018.wav,,,,,,,,,,,,1,
linhart2015marnosong_day2_PC1112_0019.wav,,,,,,,,,,,,1,
linhart2015marnosong_day2_PC1112_0020.wav,,,,,,,,,,,,1,
linhart2015marnosong_day2_PC1112_0021.wav,,,,,,,,,,,,1,
linhart2015marnosong_day2_PC1112_0022.wav,,,,,,,,,,,,1,
linhart2015marnosong_day2_PC1112_0023.wav,,,,,,,,,,,,1,
linhart2015marnosong_day2_PC1112_0024.wav,,,,,,,,,,,,1,
linhart2015marnosong_day2_PC1112_0025.wav,,,,,,,,,,,,1,
linhart2015marnosong_day2_PC1112_0026.wav,,,,,,,,,,,,1,
linhart2015marnosong_day2_PC1112_0027.wav,,,,,,,,,,,,1,
linhart2015marnosong_day2_PC1112_0028.wav,,,,,,,,,,,,1,
linhart2015marnosong_day2_PC1112_0029.wav,,,,,,,,,,,,1,
linhart2015marnosong_day2_PC1112_0030.wav,,,,,,,,,,,,1,
linhart2015marnosong_day2_PC1112_0031.wav,,,,,,,,,,,,1,
linhart2015marnosong_day2_PC1112_0032.wav,,,,,,,,,,,,1,
linhart2015marnosong_day2_PC1112_0033.wav,,,,,,,,,,,,1,
linhart2015marnosong_day2_PC1112_0034.wav,,,,,,,,,,,,1,
linhart2015marnosong_day2_PC1112_0035.wav,,,,,,,,,,,,1,
linhart2015marnosong_day2_PC1112_0036.wav,,,,,,,,,,,,1,
linhart2015marnosong_day2_PC1112_0037.wav,,,,,,,,,,,,1,
linhart2015marnosong_day2_PC1112_0038.wav,,,,,,,,,,,,1,
linhart2015marnosong_day2_PC1112_0039.wav,,,,,,,,,,,,1,
linhart2015marnosong_day2_PC1112_0040.wav,,,,,,,,,,,,1,
linhart2015marnosong_day2_PC1112_0041.wav,,,,,,,,,,,,1,
linhart2015marnosong_day2_PC1112_0042.wav,,,,,,,,,,,,1,
linhart2015marnosong_day2_PC1112_0043.wav,,,,,,,,,,,,1,
linhart2015marnosong_day2_PC1112_0044.wav,,,,,,,,,,,,1,
linhart2015marnosong_day2_PC1112_0045.wav,,,,,,,,,,,,1,
linhart2015marnosong_day2_PC1112_0046.wav,,,,,,,,,,,,1,
linhart2015marnosong_day2_PC1112_0047.wav,,,,,,,,,,,,1,
linhart2015marnosong_day2_PC1112_0048.wav,,,,,,,,,,,,1,
linhart2015marnosong_day2_PC1112_0049.wav,,,,,,,,,,,,1,
linhart2015marnosong_day2_PC1112_0050.wav,,,,,,,,,,,,1,
linhart2015marnosong_day2_PC1112_0051.wav,,,,,,,,,,,,1,
linhart2015marnosong_day2_PC1112_0052.wav,,,,,,,,,,,,1,
linhart2015marnosong_day2_PC1112_0053.wav,,,,,,,,,,,,1,
linhart2015marnosong_day2_PC1112_0054.wav,,,,,,,,,,,,1,
linhart2015marnosong_day2_PC1112_0055.wav,,,,,,,,,,,,1,
linhart2015marnosong_day2_PC1112_0056.wav,,,,,,,,,,,,1,
linhart2015marnosong_day2_PC1112_0057.wav,,,,,,,,,,,,1,
linhart2015marnosong_day2_PC1112_0058.wav,,,,,,,,,,,,1,
linhart2015marnosong_day2_PC1112_0059.wav,,,,,,,,,,,,1,
linhart2015marnosong_day2_PC1112_0060.wav,,,,,,,,,,,,1,
linhart2015marnosong_day2_PC1112_0061.wav,,,,,,,,,,,,1,
linhart2015marnosong_day2_PC1112_0062.wav,,,,,,,,,,,,1,
linhart2015marnosong_day2_PC1112_0063.wav,,,,,,,,,,,,1,
linhart2015marnosong_day2_PC1112_0064.wav,,,,,,,,,,,,1,
linhart2015marnosong_day2_PC1112_0065.wav,,,,,,,,,,,,1,
linhart2015marnosong_day2_PC1112_0066.wav,,,,,,,,,,,,1,
linhart2015marnosong_day2_PC1112_0067.wav,,,,,,,,,,,,1,
linhart2015marnosong_day2_PC1112_0068.wav,,,,,,,,,,,,1,
linhart2015marnosong_day2_PC1112_0069.wav,,,,,,,,,,,,1,
linhart2015marnosong_day2_PC1112_0070.wav,,,,,,,,,,,,1,
linhart2015marnosong_day2_PC1112_0071.wav,,,,,,,,,,,,1,
linhart2015marnosong_day2_PC1112_0072.wav,,,,,,,,,,,,1,
linhart2015marnosong_day2_PC1112_0073.wav,,,,,,,,,,,,1,
linhart2015marnosong_day2_PC1112_0074.wav,,,,,,,,,,,,1,
linhart2015marnosong_day2_PC1112_0075.wav,,,,,,,,,,,,1,
linhart2015marnosong_day2_PC1112_0076.wav,,,,,,,,,,,,1,
linhart2015marnosong_day2_PC1112_0077.wav,,,,,,,,,,,,1,
linhart2015marnosong_day2_PC1112_0078.wav,,,,,,,,,,,,1,
linhart2015marnosong_day2_PC1113_0000.wav,,,,,,,,,,,,,1
linhart2015marnosong_day2_PC1113_0001.wav,,,,,,,,,,,,,1
linhart2015marnosong_day2_PC1113_0002.wav,,,,,,,,,,,,,1
linhart2015marnosong_day2_PC1113_0003.wav,,,,,,,,,,,,,1
linhart2015marnosong_day2_PC1113_0004.wav,,,,,,,,,,,,,1
linhart2015marnosong_day2_PC1113_0005.wav,,,,,,,,,,,,,1
linhart2015marnosong_day2_PC1113_0006.wav,,,,,,,,,,,,,1
linhart2015marnosong_day2_PC1113_0007.wav,,,,,,,,,,,,,1
linhart2015marnosong_day2_PC1113_0008.wav,,,,,,,,,,,,,1
linhart2015marnosong_day2_PC1113_0009.wav,,,,,,,,,,,,,1
linhart2015marnosong_day2_PC1113_0010.wav,,,,,,,,,,,,,1
linhart2015marnosong_day2_PC1113_0011.wav,,,,,,,,,,,,,1
linhart2015marnosong_day2_PC1113_0012.wav,,,,,,,,,,,,,1
linhart2015marnosong_day2_PC1113_0013.wav,,,,,,,,,,,,,1
linhart2015marnosong_day2_PC1113_0014.wav,,,,,,,,,,,,,1
linhart2015marnosong_day2_PC1113_0015.wav,,,,,,,,,,,,,1
linhart2015marnosong_day2_PC1113_0016.wav,,,,,,,,,,,,,1
linhart2015marnosong_day2_PC1113_0017.wav,,,,,,,,,,,,,1
linhart2015marnosong_day2_PC1113_0018.wav,,,,,,,,,,,,,1
linhart2015marnosong_day2_PC1113_0019.wav,,,,,,,,,,,,,1
linhart2015marnosong_day2_PC1113_0020.wav,,,,,,,,,,,,,1
linhart2015marnosong_day2_PC1113_0021.wav,,,,,,,,,,,,,1
linhart2015marnosong_day2_PC1113_0022.wav,,,,,,,,,,,,,1
linhart2015marnosong_day2_PC1113_0023.wav,,,,,,,,,,,,,1
linhart2015marnosong_day2_PC1113_0024.wav,,,,,,,,,,,,,1
linhart2015marnosong_day2_PC1113_0025.wav,,,,,,,,,,,,,1
linhart2015marnosong_day2_PC1113_0026.wav,,,,,,,,,,,,,1
linhart2015marnosong_day2_PC1113_0027.wav,,,,,,,,,,,,,1
linhart2015marnosong_day2_PC1113_0028.wav,,,,,,,,,,,,,1
linhart2015marnosong_day2_PC1113_0029.wav,,,,,,,,,,,,,1
linhart2015marnosong_day2_PC1113_0030.wav,,,,,,,,,,,,,1
linhart2015marnosong_day2_PC1113_0031.wav,,,,,,,,,,,,,1
linhart2015marnosong_day2_PC1113_0032.wav,,,,,,,,,,,,,1
linhart2015marnosong_day2_PC1113_0033.wav,,,,,,,,,,,,,1
