wavfilename,108,193,229,7,94,BRE,CER,DUB,KME,LIS,MNE,PAL,RAC,RADBF,RADK,VEV
littleowl2017bg_test_108_0000.wav,1,,,,,,,,,,,,,,,
littleowl2017bg_test_108_0001.wav,1,,,,,,,,,,,,,,,
littleowl2017bg_test_108_0002.wav,1,,,,,,,,,,,,,,,
littleowl2017bg_test_108_0003.wav,1,,,,,,,,,,,,,,,
littleowl2017bg_test_108_0004.wav,1,,,,,,,,,,,,,,,
littleowl2017bg_test_108_0005.wav,1,,,,,,,,,,,,,,,
littleowl2017bg_test_108_0006.wav,1,,,,,,,,,,,,,,,
littleowl2017bg_test_108_0007.wav,1,,,,,,,,,,,,,,,
littleowl2017bg_test_108_0008.wav,1,,,,,,,,,,,,,,,
littleowl2017bg_test_108_0009.wav,1,,,,,,,,,,,,,,,
littleowl2017bg_test_108_0010.wav,1,,,,,,,,,,,,,,,
littleowl2017bg_test_108_0011.wav,1,,,,,,,,,,,,,,,
littleowl2017bg_test_108_0012.wav,1,,,,,,,,,,,,,,,
littleowl2017bg_test_108_0013.wav,1,,,,,,,,,,,,,,,
littleowl2017bg_test_108_0014.wav,1,,,,,,,,,,,,,,,
littleowl2017bg_test_108_0015.wav,1,,,,,,,,,,,,,,,
littleowl2017bg_test_108_0016.wav,1,,,,,,,,,,,,,,,
littleowl2017bg_test_108_0017.wav,1,,,,,,,,,,,,,,,
littleowl2017bg_test_108_0018.wav,1,,,,,,,,,,,,,,,
littleowl2017bg_test_108_0019.wav,1,,,,,,,,,,,,,,,
littleowl2017bg_test_108_0020.wav,1,,,,,,,,,,,,,,,
littleowl2017bg_test_108_0021.wav,1,,,,,,,,,,,,,,,
littleowl2017bg_test_108_0022.wav,1,,,,,,,,,,,,,,,
littleowl2017bg_test_108_0023.wav,1,,,,,,,,,,,,,,,
littleowl2017bg_test_108_0024.wav,1,,,,,,,,,,,,,,,
littleowl2017bg_test_108_0025.wav,1,,,,,,,,,,,,,,,
littleowl2017bg_test_108_0026.wav,1,,,,,,,,,,,,,,,
littleowl2017bg_test_108_0027.wav,1,,,,,,,,,,,,,,,
littleowl2017bg_test_108_0028.wav,1,,,,,,,,,,,,,,,
littleowl2017bg_test_108_0029.wav,1,,,,,,,,,,,,,,,
littleowl2017bg_test_108_0030.wav,1,,,,,,,,,,,,,,,
littleowl2017bg_test_193_0000.wav,,1,,,,,,,,,,,,,,
littleowl2017bg_test_193_0001.wav,,1,,,,,,,,,,,,,,
littleowl2017bg_test_193_0002.wav,,1,,,,,,,,,,,,,,
littleowl2017bg_test_193_0003.wav,,1,,,,,,,,,,,,,,
littleowl2017bg_test_193_0004.wav,,1,,,,,,,,,,,,,,
littleowl2017bg_test_193_0005.wav,,1,,,,,,,,,,,,,,
littleowl2017bg_test_193_0006.wav,,1,,,,,,,,,,,,,,
littleowl2017bg_test_193_0007.wav,,1,,,,,,,,,,,,,,
littleowl2017bg_test_193_0008.wav,,1,,,,,,,,,,,,,,
littleowl2017bg_test_193_0009.wav,,1,,,,,,,,,,,,,,
littleowl2017bg_test_193_0010.wav,,1,,,,,,,,,,,,,,
littleowl2017bg_test_193_0011.wav,,1,,,,,,,,,,,,,,
littleowl2017bg_test_193_0012.wav,,1,,,,,,,,,,,,,,
littleowl2017bg_test_193_0013.wav,,1,,,,,,,,,,,,,,
littleowl2017bg_test_193_0014.wav,,1,,,,,,,,,,,,,,
littleowl2017bg_test_193_0015.wav,,1,,,,,,,,,,,,,,
littleowl2017bg_test_193_0016.wav,,1,,,,,,,,,,,,,,
littleowl2017bg_test_193_0017.wav,,1,,,,,,,,,,,,,,
littleowl2017bg_test_193_0018.wav,,1,,,,,,,,,,,,,,
littleowl2017bg_test_193_0019.wav,,1,,,,,,,,,,,,,,
littleowl2017bg_test_193_0020.wav,,1,,,,,,,,,,,,,,
littleowl2017bg_test_229_0000.wav,,,1,,,,,,,,,,,,,
littleowl2017bg_test_229_0001.wav,,,1,,,,,,,,,,,,,
littleowl2017bg_test_229_0002.wav,,,1,,,,,,,,,,,,,
littleowl2017bg_test_229_0003.wav,,,1,,,,,,,,,,,,,
littleowl2017bg_test_229_0004.wav,,,1,,,,,,,,,,,,,
littleowl2017bg_test_229_0005.wav,,,1,,,,,,,,,,,,,
littleowl2017bg_test_229_0006.wav,,,1,,,,,,,,,,,,,
littleowl2017bg_test_229_0007.wav,,,1,,,,,,,,,,,,,
littleowl2017bg_test_229_0008.wav,,,1,,,,,,,,,,,,,
littleowl2017bg_test_229_0009.wav,,,1,,,,,,,,,,,,,
littleowl2017bg_test_229_0010.wav,,,1,,,,,,,,,,,,,
littleowl2017bg_test_229_0011.wav,,,1,,,,,,,,,,,,,
littleowl2017bg_test_229_0012.wav,,,1,,,,,,,,,,,,,
littleowl2017bg_test_229_0013.wav,,,1,,,,,,,,,,,,,
littleowl2017bg_test_229_0014.wav,,,1,,,,,,,,,,,,,
littleowl2017bg_test_229_0015.wav,,,1,,,,,,,,,,,,,
littleowl2017bg_test_229_0016.wav,,,1,,,,,,,,,,,,,
littleowl2017bg_test_229_0017.wav,,,1,,,,,,,,,,,,,
littleowl2017bg_test_7_0000.wav,,,,1,,,,,,,,,,,,
littleowl2017bg_test_7_0001.wav,,,,1,,,,,,,,,,,,
littleowl2017bg_test_7_0002.wav,,,,1,,,,,,,,,,,,
littleowl2017bg_test_7_0003.wav,,,,1,,,,,,,,,,,,
littleowl2017bg_test_7_0004.wav,,,,1,,,,,,,,,,,,
littleowl2017bg_test_7_0005.wav,,,,1,,,,,,,,,,,,
littleowl2017bg_test_7_0006.wav,,,,1,,,,,,,,,,,,
littleowl2017bg_test_7_0007.wav,,,,1,,,,,,,,,,,,
littleowl2017bg_test_7_0008.wav,,,,1,,,,,,,,,,,,
littleowl2017bg_test_7_0009.wav,,,,1,,,,,,,,,,,,
littleowl2017bg_test_7_0010.wav,,,,1,,,,,,,,,,,,
littleowl2017bg_test_7_0011.wav,,,,1,,,,,,,,,,,,
littleowl2017bg_test_7_0012.wav,,,,1,,,,,,,,,,,,
littleowl2017bg_test_7_0013.wav,,,,1,,,,,,,,,,,,
littleowl2017bg_test_7_0014.wav,,,,1,,,,,,,,,,,,
littleowl2017bg_test_7_0015.wav,,,,1,,,,,,,,,,,,
littleowl2017bg_test_7_0016.wav,,,,1,,,,,,,,,,,,
littleowl2017bg_test_7_0017.wav,,,,1,,,,,,,,,,,,
littleowl2017bg_test_7_0018.wav,,,,1,,,,,,,,,,,,
littleowl2017bg_test_7_0019.wav,,,,1,,,,,,,,,,,,
littleowl2017bg_test_7_0020.wav,,,,1,,,,,,,,,,,,
littleowl2017bg_test_7_0021.wav,,,,1,,,,,,,,,,,,
littleowl2017bg_test_7_0022.wav,,,,1,,,,,,,,,,,,
littleowl2017bg_test_7_0023.wav,,,,1,,,,,,,,,,,,
littleowl2017bg_test_7_0024.wav,,,,1,,,,,,,,,,,,
littleowl2017bg_test_7_0025.wav,,,,1,,,,,,,,,,,,
littleowl2017bg_test_7_0026.wav,,,,1,,,,,,,,,,,,
littleowl2017bg_test_7_0027.wav,,,,1,,,,,,,,,,,,
littleowl2017bg_test_7_0028.wav,,,,1,,,,,,,,,,,,
littleowl2017bg_test_7_0029.wav,,,,1,,,,,,,,,,,,
littleowl2017bg_test_7_0030.wav,,,,1,,,,,,,,,,,,
littleowl2017bg_test_7_0031.wav,,,,1,,,,,,,,,,,,
littleowl2017bg_test_7_0032.wav,,,,1,,,,,,,,,,,,
littleowl2017bg_test_7_0033.wav,,,,1,,,,,,,,,,,,
littleowl2017bg_test_7_0034.wav,,,,1,,,,,,,,,,,,
littleowl2017bg_test_94_0000.wav,,,,,1,,,,,,,,,,,
littleowl2017bg_test_94_0001.wav,,,,,1,,,,,,,,,,,
littleowl2017bg_test_94_0002.wav,,,,,1,,,,,,,,,,,
littleowl2017bg_test_94_0003.wav,,,,,1,,,,,,,,,,,
littleowl2017bg_test_94_0004.wav,,,,,1,,,,,,,,,,,
littleowl2017bg_test_94_0005.wav,,,,,1,,,,,,,,,,,
littleowl2017bg_test_94_0006.wav,,,,,1,,,,,,,,,,,
littleowl2017bg_test_94_0007.wav,,,,,1,,,,,,,,,,,
littleowl2017bg_test_94_0008.wav,,,,,1,,,,,,,,,,,
littleowl2017bg_test_94_0009.wav,,,,,1,,,,,,,,,,,
littleowl2017bg_test_94_0010.wav,,,,,1,,,,,,,,,,,
littleowl2017bg_test_94_0011.wav,,,,,1,,,,,,,,,,,
littleowl2017bg_test_94_0012.wav,,,,,1,,,,,,,,,,,
littleowl2017bg_test_94_0013.wav,,,,,1,,,,,,,,,,,
littleowl2017bg_test_94_0014.wav,,,,,1,,,,,,,,,,,
littleowl2017bg_test_94_0015.wav,,,,,1,,,,,,,,,,,
littleowl2017bg_test_94_0016.wav,,,,,1,,,,,,,,,,,
littleowl2017bg_test_94_0017.wav,,,,,1,,,,,,,,,,,
littleowl2017bg_test_94_0018.wav,,,,,1,,,,,,,,,,,
littleowl2017bg_test_94_0019.wav,,,,,1,,,,,,,,,,,
littleowl2017bg_test_94_0020.wav,,,,,1,,,,,,,,,,,
littleowl2017bg_test_94_0021.wav,,,,,1,,,,,,,,,,,
littleowl2017bg_test_94_0022.wav,,,,,1,,,,,,,,,,,
littleowl2017bg_test_94_0023.wav,,,,,1,,,,,,,,,,,
littleowl2017bg_test_94_0024.wav,,,,,1,,,,,,,,,,,
littleowl2017bg_test_94_0025.wav,,,,,1,,,,,,,,,,,
littleowl2017bg_test_94_0026.wav,,,,,1,,,,,,,,,,,
littleowl2017bg_test_94_0027.wav,,,,,1,,,,,,,,,,,
littleowl2017bg_test_94_0028.wav,,,,,1,,,,,,,,,,,
littleowl2017bg_test_BRE_0000.wav,,,,,,1,,,,,,,,,,
littleowl2017bg_test_BRE_0001.wav,,,,,,1,,,,,,,,,,
littleowl2017bg_test_BRE_0002.wav,,,,,,1,,,,,,,,,,
littleowl2017bg_test_BRE_0003.wav,,,,,,1,,,,,,,,,,
littleowl2017bg_test_BRE_0004.wav,,,,,,1,,,,,,,,,,
littleowl2017bg_test_BRE_0005.wav,,,,,,1,,,,,,,,,,
littleowl2017bg_test_BRE_0006.wav,,,,,,1,,,,,,,,,,
littleowl2017bg_test_BRE_0007.wav,,,,,,1,,,,,,,,,,
littleowl2017bg_test_BRE_0008.wav,,,,,,1,,,,,,,,,,
littleowl2017bg_test_BRE_0009.wav,,,,,,1,,,,,,,,,,
littleowl2017bg_test_BRE_0010.wav,,,,,,1,,,,,,,,,,
littleowl2017bg_test_BRE_0011.wav,,,,,,1,,,,,,,,,,
littleowl2017bg_test_BRE_0012.wav,,,,,,1,,,,,,,,,,
littleowl2017bg_test_BRE_0013.wav,,,,,,1,,,,,,,,,,
littleowl2017bg_test_BRE_0014.wav,,,,,,1,,,,,,,,,,
littleowl2017bg_test_BRE_0015.wav,,,,,,1,,,,,,,,,,
littleowl2017bg_test_BRE_0016.wav,,,,,,1,,,,,,,,,,
littleowl2017bg_test_CER_0000.wav,,,,,,,1,,,,,,,,,
littleowl2017bg_test_CER_0001.wav,,,,,,,1,,,,,,,,,
littleowl2017bg_test_CER_0002.wav,,,,,,,1,,,,,,,,,
littleowl2017bg_test_CER_0003.wav,,,,,,,1,,,,,,,,,
littleowl2017bg_test_CER_0004.wav,,,,,,,1,,,,,,,,,
littleowl2017bg_test_CER_0005.wav,,,,,,,1,,,,,,,,,
littleowl2017bg_test_CER_0006.wav,,,,,,,1,,,,,,,,,
littleowl2017bg_test_CER_0007.wav,,,,,,,1,,,,,,,,,
littleowl2017bg_test_CER_0008.wav,,,,,,,1,,,,,,,,,
littleowl2017bg_test_CER_0009.wav,,,,,,,1,,,,,,,,,
littleowl2017bg_test_CER_0010.wav,,,,,,,1,,,,,,,,,
littleowl2017bg_test_CER_0011.wav,,,,,,,1,,,,,,,,,
littleowl2017bg_test_CER_0012.wav,,,,,,,1,,,,,,,,,
littleowl2017bg_test_CER_0013.wav,,,,,,,1,,,,,,,,,
littleowl2017bg_test_CER_0014.wav,,,,,,,1,,,,,,,,,
littleowl2017bg_test_CER_0015.wav,,,,,,,1,,,,,,,,,
littleowl2017bg_test_CER_0016.wav,,,,,,,1,,,,,,,,,
littleowl2017bg_test_CER_0017.wav,,,,,,,1,,,,,,,,,
littleowl2017bg_test_CER_0018.wav,,,,,,,1,,,,,,,,,
littleowl2017bg_test_CER_0019.wav,,,,,,,1,,,,,,,,,
littleowl2017bg_test_CER_0020.wav,,,,,,,1,,,,,,,,,
littleowl2017bg_test_CER_0021.wav,,,,,,,1,,,,,,,,,
littleowl2017bg_test_CER_0022.wav,,,,,,,1,,,,,,,,,
littleowl2017bg_test_CER_0023.wav,,,,,,,1,,,,,,,,,
littleowl2017bg_test_DUB_0000.wav,,,,,,,,1,,,,,,,,
littleowl2017bg_test_DUB_0001.wav,,,,,,,,1,,,,,,,,
littleowl2017bg_test_DUB_0002.wav,,,,,,,,1,,,,,,,,
littleowl2017bg_test_DUB_0003.wav,,,,,,,,1,,,,,,,,
littleowl2017bg_test_DUB_0004.wav,,,,,,,,1,,,,,,,,
littleowl2017bg_test_DUB_0005.wav,,,,,,,,1,,,,,,,,
littleowl2017bg_test_DUB_0006.wav,,,,,,,,1,,,,,,,,
littleowl2017bg_test_DUB_0007.wav,,,,,,,,1,,,,,,,,
littleowl2017bg_test_DUB_0008.wav,,,,,,,,1,,,,,,,,
littleowl2017bg_test_DUB_0009.wav,,,,,,,,1,,,,,,,,
littleowl2017bg_test_DUB_0010.wav,,,,,,,,1,,,,,,,,
littleowl2017bg_test_DUB_0011.wav,,,,,,,,1,,,,,,,,
littleowl2017bg_test_DUB_0012.wav,,,,,,,,1,,,,,,,,
littleowl2017bg_test_DUB_0013.wav,,,,,,,,1,,,,,,,,
littleowl2017bg_test_DUB_0014.wav,,,,,,,,1,,,,,,,,
littleowl2017bg_test_DUB_0015.wav,,,,,,,,1,,,,,,,,
littleowl2017bg_test_DUB_0016.wav,,,,,,,,1,,,,,,,,
littleowl2017bg_test_DUB_0017.wav,,,,,,,,1,,,,,,,,
littleowl2017bg_test_DUB_0018.wav,,,,,,,,1,,,,,,,,
littleowl2017bg_test_DUB_0019.wav,,,,,,,,1,,,,,,,,
littleowl2017bg_test_DUB_0020.wav,,,,,,,,1,,,,,,,,
littleowl2017bg_test_DUB_0021.wav,,,,,,,,1,,,,,,,,
littleowl2017bg_test_DUB_0022.wav,,,,,,,,1,,,,,,,,
littleowl2017bg_test_DUB_0023.wav,,,,,,,,1,,,,,,,,
littleowl2017bg_test_DUB_0024.wav,,,,,,,,1,,,,,,,,
littleowl2017bg_test_DUB_0025.wav,,,,,,,,1,,,,,,,,
littleowl2017bg_test_KME_0000.wav,,,,,,,,,1,,,,,,,
littleowl2017bg_test_KME_0001.wav,,,,,,,,,1,,,,,,,
littleowl2017bg_test_KME_0002.wav,,,,,,,,,1,,,,,,,
littleowl2017bg_test_KME_0003.wav,,,,,,,,,1,,,,,,,
littleowl2017bg_test_KME_0004.wav,,,,,,,,,1,,,,,,,
littleowl2017bg_test_KME_0005.wav,,,,,,,,,1,,,,,,,
littleowl2017bg_test_KME_0006.wav,,,,,,,,,1,,,,,,,
littleowl2017bg_test_KME_0007.wav,,,,,,,,,1,,,,,,,
littleowl2017bg_test_KME_0008.wav,,,,,,,,,1,,,,,,,
littleowl2017bg_test_KME_0009.wav,,,,,,,,,1,,,,,,,
littleowl2017bg_test_KME_0010.wav,,,,,,,,,1,,,,,,,
littleowl2017bg_test_KME_0011.wav,,,,,,,,,1,,,,,,,
littleowl2017bg_test_KME_0012.wav,,,,,,,,,1,,,,,,,
littleowl2017bg_test_KME_0013.wav,,,,,,,,,1,,,,,,,
littleowl2017bg_test_KME_0014.wav,,,,,,,,,1,,,,,,,
littleowl2017bg_test_KME_0015.wav,,,,,,,,,1,,,,,,,
littleowl2017bg_test_KME_0016.wav,,,,,,,,,1,,,,,,,
littleowl2017bg_test_KME_0017.wav,,,,,,,,,1,,,,,,,
littleowl2017bg_test_KME_0018.wav,,,,,,,,,1,,,,,,,
littleowl2017bg_test_KME_0019.wav,,,,,,,,,1,,,,,,,
littleowl2017bg_test_KME_0020.wav,,,,,,,,,1,,,,,,,
littleowl2017bg_test_LIS_0000.wav,,,,,,,,,,1,,,,,,
littleowl2017bg_test_LIS_0001.wav,,,,,,,,,,1,,,,,,
littleowl2017bg_test_LIS_0002.wav,,,,,,,,,,1,,,,,,
littleowl2017bg_test_LIS_0003.wav,,,,,,,,,,1,,,,,,
littleowl2017bg_test_LIS_0004.wav,,,,,,,,,,1,,,,,,
littleowl2017bg_test_LIS_0005.wav,,,,,,,,,,1,,,,,,
littleowl2017bg_test_LIS_0006.wav,,,,,,,,,,1,,,,,,
littleowl2017bg_test_LIS_0007.wav,,,,,,,,,,1,,,,,,
littleowl2017bg_test_LIS_0008.wav,,,,,,,,,,1,,,,,,
littleowl2017bg_test_LIS_0009.wav,,,,,,,,,,1,,,,,,
littleowl2017bg_test_LIS_0010.wav,,,,,,,,,,1,,,,,,
littleowl2017bg_test_LIS_0011.wav,,,,,,,,,,1,,,,,,
littleowl2017bg_test_LIS_0012.wav,,,,,,,,,,1,,,,,,
littleowl2017bg_test_LIS_0013.wav,,,,,,,,,,1,,,,,,
littleowl2017bg_test_LIS_0014.wav,,,,,,,,,,1,,,,,,
littleowl2017bg_test_LIS_0015.wav,,,,,,,,,,1,,,,,,
littleowl2017bg_test_LIS_0016.wav,,,,,,,,,,1,,,,,,
littleowl2017bg_test_LIS_0017.wav,,,,,,,,,,1,,,,,,
littleowl2017bg_test_LIS_0018.wav,,,,,,,,,,1,,,,,,
littleowl2017bg_test_LIS_0019.wav,,,,,,,,,,1,,,,,,
littleowl2017bg_test_LIS_0020.wav,,,,,,,,,,1,,,,,,
littleowl2017bg_test_LIS_0021.wav,,,,,,,,,,1,,,,,,
littleowl2017bg_test_LIS_0022.wav,,,,,,,,,,1,,,,,,
littleowl2017bg_test_LIS_0023.wav,,,,,,,,,,1,,,,,,
littleowl2017bg_test_LIS_0024.wav,,,,,,,,,,1,,,,,,
littleowl2017bg_test_LIS_0025.wav,,,,,,,,,,1,,,,,,
littleowl2017bg_test_LIS_0026.wav,,,,,,,,,,1,,,,,,
littleowl2017bg_test_MNE_0000.wav,,,,,,,,,,,1,,,,,
littleowl2017bg_test_MNE_0001.wav,,,,,,,,,,,1,,,,,
littleowl2017bg_test_MNE_0002.wav,,,,,,,,,,,1,,,,,
littleowl2017bg_test_MNE_0003.wav,,,,,,,,,,,1,,,,,
littleowl2017bg_test_MNE_0004.wav,,,,,,,,,,,1,,,,,
littleowl2017bg_test_MNE_0005.wav,,,,,,,,,,,1,,,,,
littleowl2017bg_test_MNE_0006.wav,,,,,,,,,,,1,,,,,
littleowl2017bg_test_MNE_0007.wav,,,,,,,,,,,1,,,,,
littleowl2017bg_test_MNE_0008.wav,,,,,,,,,,,1,,,,,
littleowl2017bg_test_MNE_0009.wav,,,,,,,,,,,1,,,,,
littleowl2017bg_test_MNE_0010.wav,,,,,,,,,,,1,,,,,
littleowl2017bg_test_MNE_0011.wav,,,,,,,,,,,1,,,,,
littleowl2017bg_test_MNE_0012.wav,,,,,,,,,,,1,,,,,
littleowl2017bg_test_MNE_0013.wav,,,,,,,,,,,1,,,,,
littleowl2017bg_test_MNE_0014.wav,,,,,,,,,,,1,,,,,
littleowl2017bg_test_MNE_0015.wav,,,,,,,,,,,1,,,,,
littleowl2017bg_test_MNE_0016.wav,,,,,,,,,,,1,,,,,
littleowl2017bg_test_MNE_0017.wav,,,,,,,,,,,1,,,,,
littleowl2017bg_test_MNE_0018.wav,,,,,,,,,,,1,,,,,
littleowl2017bg_test_MNE_0019.wav,,,,,,,,,,,1,,,,,
littleowl2017bg_test_MNE_0020.wav,,,,,,,,,,,1,,,,,
littleowl2017bg_test_MNE_0021.wav,,,,,,,,,,,1,,,,,
littleowl2017bg_test_MNE_0022.wav,,,,,,,,,,,1,,,,,
littleowl2017bg_test_MNE_0023.wav,,,,,,,,,,,1,,,,,
littleowl2017bg_test_MNE_0024.wav,,,,,,,,,,,1,,,,,
littleowl2017bg_test_MNE_0025.wav,,,,,,,,,,,1,,,,,
littleowl2017bg_test_MNE_0026.wav,,,,,,,,,,,1,,,,,
littleowl2017bg_test_MNE_0027.wav,,,,,,,,,,,1,,,,,
littleowl2017bg_test_MNE_0028.wav,,,,,,,,,,,1,,,,,
littleowl2017bg_test_MNE_0029.wav,,,,,,,,,,,1,,,,,
littleowl2017bg_test_MNE_0030.wav,,,,,,,,,,,1,,,,,
littleowl2017bg_test_MNE_0031.wav,,,,,,,,,,,1,,,,,
littleowl2017bg_test_MNE_0032.wav,,,,,,,,,,,1,,,,,
littleowl2017bg_test_PAL_0000.wav,,,,,,,,,,,,1,,,,
littleowl2017bg_test_PAL_0001.wav,,,,,,,,,,,,1,,,,
littleowl2017bg_test_PAL_0002.wav,,,,,,,,,,,,1,,,,
littleowl2017bg_test_PAL_0003.wav,,,,,,,,,,,,1,,,,
littleowl2017bg_test_PAL_0004.wav,,,,,,,,,,,,1,,,,
littleowl2017bg_test_PAL_0005.wav,,,,,,,,,,,,1,,,,
littleowl2017bg_test_PAL_0006.wav,,,,,,,,,,,,1,,,,
littleowl2017bg_test_PAL_0007.wav,,,,,,,,,,,,1,,,,
littleowl2017bg_test_PAL_0008.wav,,,,,,,,,,,,1,,,,
littleowl2017bg_test_PAL_0009.wav,,,,,,,,,,,,1,,,,
littleowl2017bg_test_PAL_0010.wav,,,,,,,,,,,,1,,,,
littleowl2017bg_test_PAL_0011.wav,,,,,,,,,,,,1,,,,
littleowl2017bg_test_PAL_0012.wav,,,,,,,,,,,,1,,,,
littleowl2017bg_test_PAL_0013.wav,,,,,,,,,,,,1,,,,
littleowl2017bg_test_PAL_0014.wav,,,,,,,,,,,,1,,,,
littleowl2017bg_test_PAL_0015.wav,,,,,,,,,,,,1,,,,
littleowl2017bg_test_PAL_0016.wav,,,,,,,,,,,,1,,,,
littleowl2017bg_test_PAL_0017.wav,,,,,,,,,,,,1,,,,
littleowl2017bg_test_PAL_0018.wav,,,,,,,,,,,,1,,,,
littleowl2017bg_test_PAL_0019.wav,,,,,,,,,,,,1,,,,
littleowl2017bg_test_PAL_0020.wav,,,,,,,,,,,,1,,,,
littleowl2017bg_test_PAL_0021.wav,,,,,,,,,,,,1,,,,
littleowl2017bg_test_PAL_0022.wav,,,,,,,,,,,,1,,,,
littleowl2017bg_test_PAL_0023.wav,,,,,,,,,,,,1,,,,
littleowl2017bg_test_PAL_0024.wav,,,,,,,,,,,,1,,,,
littleowl2017bg_test_PAL_0025.wav,,,,,,,,,,,,1,,,,
littleowl2017bg_test_PAL_0026.wav,,,,,,,,,,,,1,,,,
littleowl2017bg_test_PAL_0027.wav,,,,,,,,,,,,1,,,,
littleowl2017bg_test_PAL_0028.wav,,,,,,,,,,,,1,,,,
littleowl2017bg_test_PAL_0029.wav,,,,,,,,,,,,1,,,,
littleowl2017bg_test_RAC_0000.wav,,,,,,,,,,,,,1,,,
littleowl2017bg_test_RAC_0001.wav,,,,,,,,,,,,,1,,,
littleowl2017bg_test_RAC_0002.wav,,,,,,,,,,,,,1,,,
littleowl2017bg_test_RAC_0003.wav,,,,,,,,,,,,,1,,,
littleowl2017bg_test_RAC_0004.wav,,,,,,,,,,,,,1,,,
littleowl2017bg_test_RAC_0005.wav,,,,,,,,,,,,,1,,,
littleowl2017bg_test_RAC_0006.wav,,,,,,,,,,,,,1,,,
littleowl2017bg_test_RAC_0007.wav,,,,,,,,,,,,,1,,,
littleowl2017bg_test_RAC_0008.wav,,,,,,,,,,,,,1,,,
littleowl2017bg_test_RAC_0009.wav,,,,,,,,,,,,,1,,,
littleowl2017bg_test_RAC_0010.wav,,,,,,,,,,,,,1,,,
littleowl2017bg_test_RAC_0011.wav,,,,,,,,,,,,,1,,,
littleowl2017bg_test_RAC_0012.wav,,,,,,,,,,,,,1,,,
littleowl2017bg_test_RAC_0013.wav,,,,,,,,,,,,,1,,,
littleowl2017bg_test_RAC_0014.wav,,,,,,,,,,,,,1,,,
littleowl2017bg_test_RAC_0015.wav,,,,,,,,,,,,,1,,,
littleowl2017bg_test_RAC_0016.wav,,,,,,,,,,,,,1,,,
littleowl2017bg_test_RAC_0017.wav,,,,,,,,,,,,,1,,,
littleowl2017bg_test_RAC_0018.wav,,,,,,,,,,,,,1,,,
littleowl2017bg_test_RAC_0019.wav,,,,,,,,,,,,,1,,,
littleowl2017bg_test_RAC_0020.wav,,,,,,,,,,,,,1,,,
littleowl2017bg_test_RAC_0021.wav,,,,,,,,,,,,,1,,,
littleowl2017bg_test_RAC_0022.wav,,,,,,,,,,,,,1,,,
littleowl2017bg_test_RAC_0023.wav,,,,,,,,,,,,,1,,,
littleowl2017bg_test_RAC_0024.wav,,,,,,,,,,,,,1,,,
littleowl2017bg_test_RAC_0025.wav,,,,,,,,,,,,,1,,,
littleowl2017bg_test_RAC_0026.wav,,,,,,,,,,,,,1,,,
littleowl2017bg_test_RAC_0027.wav,,,,,,,,,,,,,1,,,
littleowl2017bg_test_RADBF_0000.wav,,,,,,,,,,,,,,1,,
littleowl2017bg_test_RADBF_0001.wav,,,,,,,,,,,,,,1,,
littleowl2017bg_test_RADBF_0002.wav,,,,,,,,,,,,,,1,,
littleowl2017bg_test_RADBF_0003.wav,,,,,,,,,,,,,,1,,
littleowl2017bg_test_RADBF_0004.wav,,,,,,,,,,,,,,1,,
littleowl2017bg_test_RADBF_0005.wav,,,,,,,,,,,,,,1,,
littleowl2017bg_test_RADBF_0006.wav,,,,,,,,,,,,,,1,,
littleowl2017bg_test_RADBF_0007.wav,,,,,,,,,,,,,,1,,
littleowl2017bg_test_RADBF_0008.wav,,,,,,,,,,,,,,1,,
littleowl2017bg_test_RADBF_0009.wav,,,,,,,,,,,,,,1,,
littleowl2017bg_test_RADBF_0010.wav,,,,,,,,,,,,,,1,,
littleowl2017bg_test_RADBF_0011.wav,,,,,,,,,,,,,,1,,
littleowl2017bg_test_RADBF_0012.wav,,,,,,,,,,,,,,1,,
littleowl2017bg_test_RADBF_0013.wav,,,,,,,,,,,,,,1,,
littleowl2017bg_test_RADBF_0014.wav,,,,,,,,,,,,,,1,,
littleowl2017bg_test_RADBF_0015.wav,,,,,,,,,,,,,,1,,
littleowl2017bg_test_RADBF_0016.wav,,,,,,,,,,,,,,1,,
littleowl2017bg_test_RADBF_0017.wav,,,,,,,,,,,,,,1,,
littleowl2017bg_test_RADBF_0018.wav,,,,,,,,,,,,,,1,,
littleowl2017bg_test_RADBF_0019.wav,,,,,,,,,,,,,,1,,
littleowl2017bg_test_RADBF_0020.wav,,,,,,,,,,,,,,1,,
littleowl2017bg_test_RADBF_0021.wav,,,,,,,,,,,,,,1,,
littleowl2017bg_test_RADBF_0022.wav,,,,,,,,,,,,,,1,,
littleowl2017bg_test_RADBF_0023.wav,,,,,,,,,,,,,,1,,
littleowl2017bg_test_RADBF_0024.wav,,,,,,,,,,,,,,1,,
littleowl2017bg_test_RADBF_0025.wav,,,,,,,,,,,,,,1,,
littleowl2017bg_test_RADBF_0026.wav,,,,,,,,,,,,,,1,,
littleowl2017bg_test_RADBF_0027.wav,,,,,,,,,,,,,,1,,
littleowl2017bg_test_RADBF_0028.wav,,,,,,,,,,,,,,1,,
littleowl2017bg_test_RADBF_0029.wav,,,,,,,,,,,,,,1,,
littleowl2017bg_test_RADBF_0030.wav,,,,,,,,,,,,,,1,,
littleowl2017bg_test_RADK_0000.wav,,,,,,,,,,,,,,,1,
littleowl2017bg_test_RADK_0001.wav,,,,,,,,,,,,,,,1,
littleowl2017bg_test_RADK_0002.wav,,,,,,,,,,,,,,,1,
littleowl2017bg_test_RADK_0003.wav,,,,,,,,,,,,,,,1,
littleowl2017bg_test_RADK_0004.wav,,,,,,,,,,,,,,,1,
littleowl2017bg_test_RADK_0005.wav,,,,,,,,,,,,,,,1,
littleowl2017bg_test_RADK_0006.wav,,,,,,,,,,,,,,,1,
littleowl2017bg_test_RADK_0007.wav,,,,,,,,,,,,,,,1,
littleowl2017bg_test_RADK_0008.wav,,,,,,,,,,,,,,,1,
littleowl2017bg_test_RADK_0009.wav,,,,,,,,,,,,,,,1,
littleowl2017bg_test_RADK_0010.wav,,,,,,,,,,,,,,,1,
littleowl2017bg_test_RADK_0011.wav,,,,,,,,,,,,,,,1,
littleowl2017bg_test_RADK_0012.wav,,,,,,,,,,,,,,,1,
littleowl2017bg_test_RADK_0013.wav,,,,,,,,,,,,,,,1,
littleowl2017bg_test_RADK_0014.wav,,,,,,,,,,,,,,,1,
littleowl2017bg_test_RADK_0015.wav,,,,,,,,,,,,,,,1,
littleowl2017bg_test_VEV_0000.wav,,,,,,,,,,,,,,,,1
littleowl2017bg_test_VEV_0001.wav,,,,,,,,,,,,,,,,1
littleowl2017bg_test_VEV_0002.wav,,,,,,,,,,,,,,,,1
littleowl2017bg_test_VEV_0003.wav,,,,,,,,,,,,,,,,1
littleowl2017bg_test_VEV_0004.wav,,,,,,,,,,,,,,,,1
littleowl2017bg_test_VEV_0005.wav,,,,,,,,,,,,,,,,1
littleowl2017bg_test_VEV_0006.wav,,,,,,,,,,,,,,,,1
littleowl2017bg_test_VEV_0007.wav,,,,,,,,,,,,,,,,1
littleowl2017bg_test_VEV_0008.wav,,,,,,,,,,,,,,,,1
littleowl2017bg_test_VEV_0009.wav,,,,,,,,,,,,,,,,1
littleowl2017bg_test_VEV_0010.wav,,,,,,,,,,,,,,,,1
littleowl2017bg_test_VEV_0011.wav,,,,,,,,,,,,,,,,1
littleowl2017bg_test_VEV_0012.wav,,,,,,,,,,,,,,,,1
littleowl2017bg_test_VEV_0013.wav,,,,,,,,,,,,,,,,1
littleowl2017bg_test_VEV_0014.wav,,,,,,,,,,,,,,,,1
littleowl2017bg_test_VEV_0015.wav,,,,,,,,,,,,,,,,1
littleowl2017bg_test_VEV_0016.wav,,,,,,,,,,,,,,,,1
littleowl2017bg_test_VEV_0017.wav,,,,,,,,,,,,,,,,1
littleowl2017bg_test_VEV_0018.wav,,,,,,,,,,,,,,,,1
littleowl2017bg_test_VEV_0019.wav,,,,,,,,,,,,,,,,1
littleowl2017bg_test_VEV_0020.wav,,,,,,,,,,,,,,,,1
littleowl2017bg_test_VEV_0021.wav,,,,,,,,,,,,,,,,1
